path,member,patient,width,height,inv_raddino,inv_dinov2b,gate_prob
data/chexlocalize/CheXpert/val/patient64541/study1/view1_frontal.jpg,1.0,64541,2828,2320,0.9846853017807007,0.9850907921791077,0.3049693428044088
data/chexlocalize/CheXpert/val/patient64542/study1/view1_frontal.jpg,1.0,64542,2021,2022,0.9905529022216797,0.9930543303489685,0.31914083022815304
data/chexlocalize/CheXpert/val/patient64543/study1/view1_frontal.jpg,1.0,64543,2828,2320,0.9143524169921875,0.9791695475578308,0.5647648932897458
data/chexlocalize/CheXpert/val/patient64544/study1/view1_frontal.jpg,1.0,64544,2828,2320,0.9820796251296997,0.9804921746253967,0.5611251295453137
data/chexlocalize/CheXpert/val/patient64545/study1/view1_frontal.jpg,1.0,64545,2828,2320,0.9545010328292847,0.9830969572067261,0.23497669796410095
data/chexlocalize/CheXpert/val/patient64546/study1/view1_frontal.jpg,1.0,64546,2828,2320,0.9697871804237366,0.9876008629798889,0.17972482058136405
data/chexlocalize/CheXpert/val/patient64547/study1/view1_frontal.jpg,1.0,64547,2017,1721,0.9810481071472168,0.9812260270118713,0.19469663698551073
data/chexlocalize/CheXpert/val/patient64547/study1/view2_frontal.jpg,1.0,64547,1721,2006,0.9738155603408813,0.9845771789550781,0.1555885643304838
data/chexlocalize/CheXpert/val/patient64548/study1/view1_frontal.jpg,1.0,64548,2828,2320,0.9731305837631226,0.9676991701126099,0.47359712430747736
data/chexlocalize/CheXpert/val/patient64549/study1/view1_frontal.jpg,1.0,64549,2828,2320,0.9685891270637512,0.9834191203117371,0.31905151225695916
data/chexlocalize/CheXpert/val/patient64550/study1/view1_frontal.jpg,1.0,64550,2828,2320,0.9858098030090332,0.9849875569343567,0.4215346248391006
data/chexlocalize/CheXpert/val/patient64551/study1/view1_frontal.jpg,1.0,64551,2021,2021,0.9840172529220581,0.9844532608985901,0.17896975410576582
data/chexlocalize/CheXpert/val/patient64552/study1/view1_frontal.jpg,1.0,64552,2828,2320,0.9465455412864685,0.9786405563354492,0.18069520408709971
data/chexlocalize/CheXpert/val/patient64553/study1/view1_frontal.jpg,1.0,64553,3730,3062,0.9824382066726685,0.9823175072669983,0.46143940208561374
data/chexlocalize/CheXpert/val/patient64554/study1/view1_frontal.jpg,1.0,64554,2828,2320,0.9826072454452515,0.9859508275985718,0.165267242477721
data/chexlocalize/CheXpert/val/patient64555/study1/view1_frontal.jpg,1.0,64555,2824,2793,0.9825076460838318,0.9859991073608398,0.11796314355833723
data/chexlocalize/CheXpert/val/patient64556/study1/view1_frontal.jpg,1.0,64556,2021,2021,0.9786408543586731,0.9866476655006409,0.35694682503800285
data/chexlocalize/CheXpert/val/patient64557/study1/view1_frontal.jpg,1.0,64557,2828,2320,0.979314386844635,0.9836136698722839,0.41670897573560217
data/chexlocalize/CheXpert/val/patient64558/study1/view1_frontal.jpg,1.0,64558,2828,2320,0.977932333946228,0.9807155728340149,0.21250016268374136
data/chexlocalize/CheXpert/val/patient64559/study1/view1_frontal.jpg,1.0,64559,1971,2022,0.9633289575576782,0.9870455861091614,0.15832093108669656
data/chexlocalize/CheXpert/val/patient64560/study1/view1_frontal.jpg,1.0,64560,2022,1751,0.9871938824653625,0.9838665127754211,0.11492201050536792
data/chexlocalize/CheXpert/val/patient64561/study1/view1_frontal.jpg,1.0,64561,2828,2320,0.9784984588623047,0.9840666055679321,0.41739444739084547
data/chexlocalize/CheXpert/val/patient64562/study1/view1_frontal.jpg,1.0,64562,2828,2320,0.9756233096122742,0.9795401692390442,0.16003755032725558
data/chexlocalize/CheXpert/val/patient64563/study1/view1_frontal.jpg,1.0,64563,2828,2320,0.9691442847251892,0.984101414680481,0.24748339665046798
data/chexlocalize/CheXpert/val/patient64564/study1/view1_frontal.jpg,1.0,64564,2828,2320,0.9638634920120239,0.9839690327644348,0.23862485506840744
data/chexlocalize/CheXpert/val/patient64565/study1/view1_frontal.jpg,1.0,64565,2828,2320,0.9678501486778259,0.9775106310844421,0.3139133295425414
data/chexlocalize/CheXpert/val/patient64566/study1/view1_frontal.jpg,1.0,64566,2021,2016,0.9748660326004028,0.9861717224121094,0.3203007318243414
data/chexlocalize/CheXpert/val/patient64567/study1/view1_frontal.jpg,1.0,64567,1941,2001,0.9842255711555481,0.9824431538581848,0.5157599437748492
data/chexlocalize/CheXpert/val/patient64568/study1/view1_frontal.jpg,1.0,64568,2021,2021,0.9857061505317688,0.988495409488678,0.1551414104803503
data/chexlocalize/CheXpert/val/patient64569/study1/view1_frontal.jpg,1.0,64569,3408,2800,0.9592887163162231,0.9829446077346802,0.2471455162709096
data/chexlocalize/CheXpert/val/patient64570/study1/view1_frontal.jpg,1.0,64570,2022,2022,0.9881797432899475,0.9850424528121948,0.2405034487941903
data/chexlocalize/CheXpert/val/patient64571/study1/view1_frontal.jpg,1.0,64571,2828,2320,0.9601606726646423,0.9760832190513611,0.6465001636462802
data/chexlocalize/CheXpert/val/patient64572/study1/view1_frontal.jpg,1.0,64572,2014,2014,0.984379231929779,0.9886485934257507,0.19085553079030412
data/chexlocalize/CheXpert/val/patient64573/study1/view1_frontal.jpg,1.0,64573,2828,2320,0.9828375577926636,0.9817052483558655,0.27829152519551964
data/chexlocalize/CheXpert/val/patient64574/study1/view1_frontal.jpg,1.0,64574,2828,2320,0.9836472868919373,0.974128782749176,0.6052048601800917
data/chexlocalize/CheXpert/val/patient64575/study1/view1_frontal.jpg,1.0,64575,2021,2021,0.9809327125549316,0.9820531010627747,0.2540833428877395
data/chexlocalize/CheXpert/val/patient64576/study1/view1_frontal.jpg,1.0,64576,2828,2320,0.9796947836875916,0.9808165431022644,0.5983951328936861
data/chexlocalize/CheXpert/val/patient64577/study1/view1_frontal.jpg,1.0,64577,2828,2320,0.9804221391677856,0.9841347932815552,0.17279833668734226
data/chexlocalize/CheXpert/val/patient64578/study1/view1_frontal.jpg,1.0,64578,2828,2320,0.9859713315963745,0.9789263606071472,0.4981274422804881
data/chexlocalize/CheXpert/val/patient64579/study1/view1_frontal.jpg,1.0,64579,2494,2048,0.9892081022262573,0.9879393577575684,0.12929355270706036
data/chexlocalize/CheXpert/val/patient64580/study1/view1_frontal.jpg,1.0,64580,2828,2320,0.9600237607955933,0.9856829047203064,0.37753983761240567
data/chexlocalize/CheXpert/val/patient64581/study1/view1_frontal.jpg,1.0,64581,2022,1751,0.9800229668617249,0.9891167283058167,0.13669185610928888
data/chexlocalize/CheXpert/val/patient64581/study1/view2_frontal.jpg,1.0,64581,2022,1751,0.9531235694885254,0.9799337387084961,0.16522191551486806
data/chexlocalize/CheXpert/val/patient64582/study1/view1_frontal.jpg,1.0,64582,2828,2320,0.9770957231521606,0.9793375134468079,0.41269837678017035
data/chexlocalize/CheXpert/val/patient64583/study1/view1_frontal.jpg,1.0,64583,2828,2320,0.9830316305160522,0.9854301810264587,0.0724333773511111
data/chexlocalize/CheXpert/val/patient64584/study1/view1_frontal.jpg,1.0,64584,2022,2022,0.9525865912437439,0.9844892621040344,0.22264011048756588
data/chexlocalize/CheXpert/val/patient64585/study1/view1_frontal.jpg,1.0,64585,2828,2320,0.9815326929092407,0.9773014783859253,0.38005948545881124
data/chexlocalize/CheXpert/val/patient64586/study1/view1_frontal.jpg,1.0,64586,2828,2320,0.9803563356399536,0.9895702600479126,0.14377199722556694
data/chexlocalize/CheXpert/val/patient64587/study1/view1_frontal.jpg,1.0,64587,3358,2701,0.9762563705444336,0.9858040809631348,0.16333657924244602
data/chexlocalize/CheXpert/val/patient64588/study1/view1_frontal.jpg,1.0,64588,2022,2021,0.9643992781639099,0.9831200838088989,0.1821897850214145
data/chexlocalize/CheXpert/val/patient64589/study1/view1_frontal.jpg,1.0,64589,2828,2320,0.9825798869132996,0.9818254113197327,0.34622805946119606
data/chexlocalize/CheXpert/val/patient64590/study1/view1_frontal.jpg,1.0,64590,2021,1751,0.9846373796463013,0.9884573817253113,0.04459272164111141
data/chexlocalize/CheXpert/val/patient64591/study1/view1_frontal.jpg,1.0,64591,2828,2320,0.9800735116004944,0.9827894568443298,0.2618974794007188
data/chexlocalize/CheXpert/val/patient64592/study1/view1_frontal.jpg,1.0,64592,2828,2320,0.9882234930992126,0.9827297925949097,0.23476608426848955
data/chexlocalize/CheXpert/val/patient64593/study1/view1_frontal.jpg,1.0,64593,2022,2022,0.986687183380127,0.9831771850585938,0.03771121921149065
data/chexlocalize/CheXpert/val/patient64594/study1/view1_frontal.jpg,1.0,64594,1871,1862,0.9757108092308044,0.9846839904785156,0.10973152175891412
data/chexlocalize/CheXpert/val/patient64595/study1/view1_frontal.jpg,1.0,64595,2022,2021,0.9485343098640442,0.9836980104446411,0.25045977603735026
data/chexlocalize/CheXpert/val/patient64596/study1/view1_frontal.jpg,1.0,64596,2828,2320,0.9593476057052612,0.9688102006912231,0.4731136341710897
data/chexlocalize/CheXpert/val/patient64597/study1/view1_frontal.jpg,1.0,64597,2022,1751,0.9771599769592285,0.9884066581726074,0.25221461378082816
data/chexlocalize/CheXpert/val/patient64598/study1/view1_frontal.jpg,1.0,64598,2828,2320,0.9712458848953247,0.9772718548774719,0.1431864134101971
data/chexlocalize/CheXpert/val/patient64599/study1/view1_frontal.jpg,1.0,64599,2022,1751,0.9650798439979553,0.9859463572502136,0.3729554992200311
data/chexlocalize/CheXpert/val/patient64600/study1/view1_frontal.jpg,1.0,64600,4240,3480,0.9871687293052673,0.9858472943305969,0.39122951537238343
data/chexlocalize/CheXpert/val/patient64601/study1/view1_frontal.jpg,1.0,64601,2828,2320,0.9840311408042908,0.9823890328407288,0.30387170699337596
data/chexlocalize/CheXpert/val/patient64602/study1/view1_frontal.jpg,1.0,64602,2828,2320,0.9854329228401184,0.985436737537384,0.3436373132492847
data/chexlocalize/CheXpert/val/patient64603/study1/view1_frontal.jpg,1.0,64603,2828,2320,0.9707537889480591,0.9827292561531067,0.28655734863395
data/chexlocalize/CheXpert/val/patient64604/study1/view1_frontal.jpg,1.0,64604,2828,2320,0.9870648980140686,0.9896416664123535,0.4358882333656883
data/chexlocalize/CheXpert/val/patient64605/study1/view1_frontal.jpg,1.0,64605,2828,2320,0.9686117172241211,0.9779875874519348,0.3052089832074903
data/chexlocalize/CheXpert/val/patient64606/study1/view1_frontal.jpg,1.0,64606,2021,2021,0.9782834053039551,0.9816681742668152,0.595582889919828
data/chexlocalize/CheXpert/val/patient64607/study1/view1_frontal.jpg,1.0,64607,2828,2320,0.973569393157959,0.9812527894973755,0.2308934150782741
data/chexlocalize/CheXpert/val/patient64608/study1/view1_frontal.jpg,1.0,64608,2022,2022,0.9846462607383728,0.9833481907844543,0.2371446324749775
data/chexlocalize/CheXpert/val/patient64609/study1/view1_frontal.jpg,1.0,64609,2828,2320,0.9642447829246521,0.9806771874427795,0.40531782063499355
data/chexlocalize/CheXpert/val/patient64610/study1/view1_frontal.jpg,1.0,64610,2828,2320,0.9719818234443665,0.9641274213790894,0.0524636639342643
data/chexlocalize/CheXpert/val/patient64611/study1/view1_frontal.jpg,1.0,64611,4240,3480,0.9839637875556946,0.9822362661361694,0.4198349775572337
data/chexlocalize/CheXpert/val/patient64612/study1/view1_frontal.jpg,1.0,64612,2828,2320,0.9832898378372192,0.9853374361991882,0.14739764503175667
data/chexlocalize/CheXpert/val/patient64613/study1/view1_frontal.jpg,1.0,64613,1931,2011,0.984128475189209,0.9876536130905151,0.16413532312234483
data/chexlocalize/CheXpert/val/patient64614/study1/view1_frontal.jpg,1.0,64614,2828,2320,0.9758270382881165,0.9873421788215637,0.30080925126967795
data/chexlocalize/CheXpert/val/patient64615/study1/view1_frontal.jpg,1.0,64615,2828,2320,0.9731570482254028,0.9884576797485352,0.6534899227605626
data/chexlocalize/CheXpert/val/patient64616/study1/view1_frontal.jpg,1.0,64616,2021,1631,0.9808462858200073,0.9817627668380737,0.21632466760541555
data/chexlocalize/CheXpert/val/patient64617/study1/view1_frontal.jpg,1.0,64617,2828,2320,0.974480926990509,0.9833006262779236,0.3355931265247904
data/chexlocalize/CheXpert/val/patient64618/study1/view1_frontal.jpg,1.0,64618,2022,2022,0.9871706366539001,0.9886804819107056,0.05976041037571858
data/chexlocalize/CheXpert/val/patient64619/study1/view1_frontal.jpg,1.0,64619,1831,1760,0.9808279871940613,0.9816754460334778,0.22762996744456923
data/chexlocalize/CheXpert/val/patient64620/study1/view1_frontal.jpg,1.0,64620,2828,2320,0.9834784865379333,0.9737728238105774,0.5303851541072707
data/chexlocalize/CheXpert/val/patient64621/study1/view1_frontal.jpg,1.0,64621,2828,2320,0.9783640503883362,0.9877810478210449,0.45691200973954427
data/chexlocalize/CheXpert/val/patient64622/study1/view1_frontal.jpg,1.0,64622,2828,2320,0.9643830060958862,0.9757872223854065,0.26114240095500607
data/chexlocalize/CheXpert/val/patient64623/study1/view1_frontal.jpg,1.0,64623,2828,2320,0.9854900240898132,0.976983904838562,0.23450682874897247
data/chexlocalize/CheXpert/val/patient64624/study1/view1_frontal.jpg,1.0,64624,2828,2320,0.9690266847610474,0.9823614358901978,0.07410226118200988
data/chexlocalize/CheXpert/val/patient64625/study1/view1_frontal.jpg,1.0,64625,2021,2022,0.978491485118866,0.9860586524009705,0.28627305857516316
data/chexlocalize/CheXpert/val/patient64626/study1/view1_frontal.jpg,1.0,64626,2828,2320,0.9753994345664978,0.9837821125984192,0.10970968786947871
data/chexlocalize/CheXpert/val/patient64627/study1/view1_frontal.jpg,1.0,64627,2828,2320,0.971216082572937,0.9863426089286804,0.14932649014465438
data/chexlocalize/CheXpert/val/patient64628/study1/view1_frontal.jpg,1.0,64628,2828,2320,0.9569182395935059,0.9803417921066284,0.3373668994075938
data/chexlocalize/CheXpert/val/patient64629/study1/view1_frontal.jpg,1.0,64629,4240,3480,0.9835588335990906,0.9825147390365601,0.2827623722022376
data/chexlocalize/CheXpert/val/patient64630/study1/view1_frontal.jpg,1.0,64630,2828,2320,0.9632602334022522,0.9800683856010437,0.5113012993140996
data/chexlocalize/CheXpert/val/patient64631/study1/view1_frontal.jpg,1.0,64631,2828,2320,0.9752408862113953,0.9764904975891113,0.13762249055442133
data/chexlocalize/CheXpert/val/patient64632/study1/view1_frontal.jpg,1.0,64632,2828,2320,0.9759032130241394,0.9778021574020386,0.3582300540230543
data/chexlocalize/CheXpert/val/patient64633/study1/view1_frontal.jpg,1.0,64633,3127,2800,0.960074782371521,0.9858440160751343,0.6993636981955458
data/chexlocalize/CheXpert/val/patient64634/study1/view1_frontal.jpg,1.0,64634,3256,2719,0.9729878306388855,0.9813280701637268,0.27040020849709434
data/chexlocalize/CheXpert/val/patient64635/study1/view1_frontal.jpg,1.0,64635,2494,2048,0.9696682691574097,0.9745466113090515,0.3954394201998052
data/chexlocalize/CheXpert/val/patient64636/study1/view1_frontal.jpg,1.0,64636,2828,2320,0.9836408495903015,0.9820684790611267,0.2513289537496118
data/chexlocalize/CheXpert/val/patient64637/study1/view1_frontal.jpg,1.0,64637,3272,2800,0.9734328389167786,0.9786716103553772,0.34545545570245556
data/chexlocalize/CheXpert/val/patient64638/study1/view1_frontal.jpg,1.0,64638,2494,2048,0.9749994277954102,0.9835982322692871,0.6102927787807902
data/chexlocalize/CheXpert/val/patient64639/study1/view1_frontal.jpg,1.0,64639,2828,2320,0.9849482774734497,0.9815196394920349,0.35092747928525
data/chexlocalize/CheXpert/val/patient64640/study1/view1_frontal.jpg,1.0,64640,2828,2320,0.9704065918922424,0.9755555987358093,0.4226092102327821
data/chexlocalize/CheXpert/val/patient64641/study1/view1_frontal.jpg,1.0,64641,3408,2800,0.9659088253974915,0.9698094129562378,0.16601340048987698
data/chexlocalize/CheXpert/val/patient64642/study1/view1_frontal.jpg,1.0,64642,2991,2800,0.9741820096969604,0.9727014303207397,0.3259139000358344
data/chexlocalize/CheXpert/val/patient64643/study1/view1_frontal.jpg,1.0,64643,2828,2320,0.9407072067260742,0.9749841690063477,0.1544468505456172
data/chexlocalize/CheXpert/val/patient64644/study1/view1_frontal.jpg,1.0,64644,2828,2320,0.9726426005363464,0.9585758447647095,0.050646591771335396
data/chexlocalize/CheXpert/val/patient64645/study1/view1_frontal.jpg,1.0,64645,3352,2800,0.9737691283226013,0.9752016067504883,0.3483321362174887
data/chexlocalize/CheXpert/val/patient64646/study1/view1_frontal.jpg,1.0,64646,2828,2320,0.9777893424034119,0.9805837273597717,0.13120604355833532
data/chexlocalize/CheXpert/val/patient64647/study1/view1_frontal.jpg,1.0,64647,2828,2320,0.9569260478019714,0.9841175079345703,0.21806515721578462
data/chexlocalize/CheXpert/val/patient64648/study1/view1_frontal.jpg,1.0,64648,3408,2800,0.9425176382064819,0.9603675007820129,0.09386702725148706
data/chexlocalize/CheXpert/val/patient64649/study1/view1_frontal.jpg,1.0,64649,2494,2048,0.9868579506874084,0.9830188751220703,0.635133919693089
data/chexlocalize/CheXpert/val/patient64650/study1/view1_frontal.jpg,1.0,64650,3060,2548,0.9570156335830688,0.9828315377235413,0.22129458753603956
data/chexlocalize/CheXpert/val/patient64651/study1/view1_frontal.jpg,1.0,64651,2828,2320,0.9842532277107239,0.9824437499046326,0.21544824065946036
data/chexlocalize/CheXpert/val/patient64652/study1/view1_frontal.jpg,1.0,64652,2828,2320,0.9829421639442444,0.9734175801277161,0.2838621698831704
data/chexlocalize/CheXpert/val/patient64653/study1/view1_frontal.jpg,1.0,64653,2494,2048,0.9830909967422485,0.9714107513427734,0.20826379075826643
data/chexlocalize/CheXpert/val/patient64654/study1/view1_frontal.jpg,1.0,64654,2828,2320,0.9634915590286255,0.9779581427574158,0.09101815292681166
data/chexlocalize/CheXpert/val/patient64655/study1/view1_frontal.jpg,1.0,64655,2828,2320,0.9644209742546082,0.9822138547897339,0.2030652045850872
data/chexlocalize/CheXpert/val/patient64656/study1/view1_frontal.jpg,1.0,64656,2828,2320,0.9662317633628845,0.9850913882255554,0.2762195751925213
data/chexlocalize/CheXpert/val/patient64657/study1/view1_frontal.jpg,1.0,64657,2828,2320,0.9842205047607422,0.9843899607658386,0.27788153177698544
data/chexlocalize/CheXpert/val/patient64658/study1/view1_frontal.jpg,1.0,64658,2828,2320,0.9787214994430542,0.9854888319969177,0.41850409201839794
data/chexlocalize/CheXpert/val/patient64659/study1/view1_frontal.jpg,1.0,64659,2828,2320,0.9772359728813171,0.9703740477561951,0.20367143276338515
data/chexlocalize/CheXpert/val/patient64660/study1/view1_frontal.jpg,1.0,64660,2828,2320,0.9520642161369324,0.9804679155349731,0.4069222788781087
data/chexlocalize/CheXpert/val/patient64661/study1/view1_frontal.jpg,1.0,64661,2740,2308,0.9795708060264587,0.9700009226799011,0.1897808193507402
data/chexlocalize/CheXpert/val/patient64662/study1/view1_frontal.jpg,1.0,64662,2828,2320,0.9845812916755676,0.9872285723686218,0.1307100011644714
data/chexlocalize/CheXpert/val/patient64663/study1/view1_frontal.jpg,1.0,64663,2828,2320,0.9761186242103577,0.9853676557540894,0.5025005553837649
data/chexlocalize/CheXpert/val/patient64664/study1/view1_frontal.jpg,1.0,64664,3408,2800,0.9731818437576294,0.9725648164749146,0.1846231063796169
data/chexlocalize/CheXpert/val/patient64665/study1/view1_frontal.jpg,1.0,64665,2828,2320,0.9889153242111206,0.9856365323066711,0.1753944255560549
data/chexlocalize/CheXpert/val/patient64666/study1/view1_frontal.jpg,1.0,64666,3408,2800,0.9491960406303406,0.9767434000968933,0.1893138954564249
data/chexlocalize/CheXpert/val/patient64667/study1/view1_frontal.jpg,1.0,64667,2828,2320,0.9784952998161316,0.9801727533340454,0.1933955398400538
data/chexlocalize/CheXpert/val/patient64668/study1/view1_frontal.jpg,1.0,64668,3312,2800,0.9552379846572876,0.9823586344718933,0.19720646980927722
data/chexlocalize/CheXpert/val/patient64669/study1/view1_frontal.jpg,1.0,64669,2828,2320,0.989441990852356,0.9802662134170532,0.4000394919504144
data/chexlocalize/CheXpert/val/patient64670/study1/view1_frontal.jpg,1.0,64670,2828,2320,0.9434071779251099,0.9833185076713562,0.30843783637981315
data/chexlocalize/CheXpert/val/patient64671/study1/view1_frontal.jpg,1.0,64671,2494,2048,0.9728633165359497,0.980320394039154,0.41945752181017254
data/chexlocalize/CheXpert/val/patient64672/study1/view1_frontal.jpg,1.0,64672,2828,2320,0.9622731804847717,0.9748941659927368,0.39323584797554145
data/chexlocalize/CheXpert/val/patient64673/study1/view1_frontal.jpg,1.0,64673,2828,2320,0.9732604622840881,0.9839342832565308,0.21952165250461841
data/chexlocalize/CheXpert/val/patient64674/study1/view1_frontal.jpg,1.0,64674,2828,2320,0.9727538228034973,0.9788456559181213,0.18213999624963678
data/chexlocalize/CheXpert/val/patient64675/study1/view1_frontal.jpg,1.0,64675,2828,2320,0.9665866494178772,0.967079222202301,0.26167677758703844
data/chexlocalize/CheXpert/val/patient64676/study1/view1_frontal.jpg,1.0,64676,2828,2320,0.9740931391716003,0.9799947738647461,0.2057735936902722
data/chexlocalize/CheXpert/val/patient64677/study1/view1_frontal.jpg,1.0,64677,2828,2320,0.9871343970298767,0.9855653047561646,0.2841567529630204
data/chexlocalize/CheXpert/val/patient64678/study1/view1_frontal.jpg,1.0,64678,2828,2320,0.9896122813224792,0.9840201139450073,0.560344007936956
data/chexlocalize/CheXpert/val/patient64679/study1/view1_frontal.jpg,1.0,64679,2828,2320,0.9891303181648254,0.9833973050117493,0.13609611664656884
data/chexlocalize/CheXpert/val/patient64680/study1/view1_frontal.jpg,1.0,64680,2828,2320,0.9851266145706177,0.9839772582054138,0.22116194713171
data/chexlocalize/CheXpert/val/patient64681/study1/view1_frontal.jpg,1.0,64681,2828,2320,0.9730792045593262,0.9807571768760681,0.2524163280978114
data/chexlocalize/CheXpert/val/patient64682/study1/view1_frontal.jpg,1.0,64682,2828,2320,0.9816119074821472,0.9730697274208069,0.5593814265902379
data/chexlocalize/CheXpert/val/patient64683/study1/view1_frontal.jpg,1.0,64683,2960,2684,0.9873425364494324,0.9832032322883606,0.46746299613746617
data/chexlocalize/CheXpert/val/patient64684/study1/view1_frontal.jpg,1.0,64684,2828,2320,0.9708393812179565,0.9806831479072571,0.16813163513107524
data/chexlocalize/CheXpert/val/patient64685/study1/view1_frontal.jpg,1.0,64685,2828,2320,0.9668689966201782,0.9873050451278687,0.240981257588896
data/chexlocalize/CheXpert/val/patient64686/study1/view1_frontal.jpg,1.0,64686,2828,2320,0.9837986826896667,0.9827653765678406,0.3347710415448688
data/chexlocalize/CheXpert/val/patient64687/study1/view1_frontal.jpg,1.0,64687,2494,2048,0.9600352048873901,0.9804646372795105,0.1409289973324808
data/chexlocalize/CheXpert/val/patient64688/study1/view1_frontal.jpg,1.0,64688,2828,2320,0.9754170179367065,0.9821071624755859,0.5447458582575184
data/chexlocalize/CheXpert/val/patient64689/study1/view1_frontal.jpg,1.0,64689,2828,2320,0.9783394932746887,0.970307469367981,0.06423144693363392
data/chexlocalize/CheXpert/val/patient64690/study1/view1_frontal.jpg,1.0,64690,2828,2320,0.9840832948684692,0.971123993396759,0.11017710078735816
data/chexlocalize/CheXpert/val/patient64691/study1/view1_frontal.jpg,1.0,64691,2828,2320,0.9667494893074036,0.9801530838012695,0.15279470006183385
data/chexlocalize/CheXpert/val/patient64692/study1/view1_frontal.jpg,1.0,64692,2828,2320,0.95463627576828,0.981484591960907,0.4400813532318986
data/chexlocalize/CheXpert/val/patient64693/study1/view1_frontal.jpg,1.0,64693,3408,2800,0.9701977968215942,0.9828895926475525,0.043709122215712846
data/chexlocalize/CheXpert/val/patient64694/study1/view1_frontal.jpg,1.0,64694,4240,3480,0.9861071705818176,0.9758515357971191,0.20303562177720058
data/chexlocalize/CheXpert/val/patient64695/study1/view1_frontal.jpg,1.0,64695,2828,2320,0.9810847043991089,0.9865418076515198,0.6102197302854869
data/chexlocalize/CheXpert/val/patient64696/study1/view1_frontal.jpg,1.0,64696,2828,2320,0.9394720792770386,0.9753813743591309,0.3232390789151797
data/chexlocalize/CheXpert/val/patient64697/study1/view1_frontal.jpg,1.0,64697,2828,2320,0.9862276911735535,0.982974112033844,0.41581430913015255
data/chexlocalize/CheXpert/val/patient64698/study1/view1_frontal.jpg,1.0,64698,2828,2320,0.971703827381134,0.9819597601890564,0.18022032862750692
data/chexlocalize/CheXpert/val/patient64699/study1/view1_frontal.jpg,1.0,64699,2828,2320,0.9706282019615173,0.9809992909431458,0.13556636703333202
data/chexlocalize/CheXpert/val/patient64700/study1/view1_frontal.jpg,1.0,64700,3125,2800,0.9723917841911316,0.9739072918891907,0.35389710211693676
data/chexlocalize/CheXpert/val/patient64701/study1/view1_frontal.jpg,1.0,64701,2828,2320,0.9541803598403931,0.9827919006347656,0.16832504678401167
data/chexlocalize/CheXpert/val/patient64702/study1/view1_frontal.jpg,1.0,64702,2828,2320,0.9825352430343628,0.9818944931030273,0.46688511583752984
data/chexlocalize/CheXpert/val/patient64703/study1/view1_frontal.jpg,1.0,64703,2828,2320,0.9881056547164917,0.9836225509643555,0.2159520239111672
data/chexlocalize/CheXpert/val/patient64704/study1/view1_frontal.jpg,1.0,64704,2828,2320,0.9801344275474548,0.9780508279800415,0.5085880389642672
data/chexlocalize/CheXpert/val/patient64705/study1/view1_frontal.jpg,1.0,64705,2828,2320,0.9683818817138672,0.9748619198799133,0.5820163504471739
data/chexlocalize/CheXpert/val/patient64706/study1/view1_frontal.jpg,1.0,64706,2828,2320,0.9617520570755005,0.9811158180236816,0.44313966958198614
data/chexlocalize/CheXpert/val/patient64707/study1/view1_frontal.jpg,1.0,64707,2828,2320,0.9877119064331055,0.9841088056564331,0.29505895410043825
data/chexlocalize/CheXpert/val/patient64708/study1/view1_frontal.jpg,1.0,64708,2828,2320,0.9556322693824768,0.977024495601654,0.24334374527187688
data/chexlocalize/CheXpert/val/patient64709/study1/view1_frontal.jpg,1.0,64709,2494,2048,0.9838212132453918,0.976603090763092,0.4381433206369668
data/chexlocalize/CheXpert/val/patient64710/study1/view1_frontal.jpg,1.0,64710,2828,2320,0.9874917268753052,0.9815295338630676,0.4155672923028825
data/chexlocalize/CheXpert/val/patient64711/study1/view1_frontal.jpg,1.0,64711,2828,2320,0.9784561991691589,0.9783158898353577,0.5039656186830608
data/chexlocalize/CheXpert/val/patient64712/study1/view1_frontal.jpg,1.0,64712,2494,2048,0.9793866872787476,0.9758588671684265,0.39166142616525207
data/chexlocalize/CheXpert/val/patient64713/study1/view1_frontal.jpg,1.0,64713,3408,2800,0.9498376250267029,0.9812822341918945,0.3606720911113347
data/chexlocalize/CheXpert/val/patient64714/study1/view1_frontal.jpg,1.0,64714,2494,2048,0.9801350831985474,0.9842718839645386,0.05237613539925196
data/chexlocalize/CheXpert/val/patient64715/study1/view1_frontal.jpg,1.0,64715,2828,2320,0.9891240000724792,0.987167477607727,0.487060854145541
data/chexlocalize/CheXpert/val/patient64716/study1/view1_frontal.jpg,1.0,64716,2494,2048,0.9851198196411133,0.9735297560691833,0.06053987143316812
data/chexlocalize/CheXpert/val/patient64717/study1/view1_frontal.jpg,1.0,64717,2828,2320,0.98247230052948,0.9827465415000916,0.17824204912789673
data/chexlocalize/CheXpert/val/patient64718/study1/view1_frontal.jpg,1.0,64718,2828,2320,0.9681221842765808,0.9839087724685669,0.2472469200485568
data/chexlocalize/CheXpert/val/patient64719/study1/view1_frontal.jpg,1.0,64719,2828,2320,0.9709660410881042,0.97418212890625,0.09597683898342325
data/chexlocalize/CheXpert/val/patient64720/study1/view1_frontal.jpg,1.0,64720,3224,2800,0.9682852625846863,0.9760626554489136,0.5877294176276202
data/chexlocalize/CheXpert/val/patient64721/study1/view1_frontal.jpg,1.0,64721,2828,2320,0.9713804125785828,0.9854038953781128,0.11708011401532366
data/chexlocalize/CheXpert/val/patient64722/study1/view1_frontal.jpg,1.0,64722,2828,2320,0.9877418875694275,0.9819068312644958,0.2641216599593752
data/chexlocalize/CheXpert/val/patient64723/study1/view1_frontal.jpg,1.0,64723,2828,2320,0.967164158821106,0.9819728136062622,0.6068310505542537
data/chexlocalize/CheXpert/val/patient64724/study1/view1_frontal.jpg,1.0,64724,2828,2320,0.9713104367256165,0.9806598424911499,0.26218111559661295
data/chexlocalize/CheXpert/val/patient64725/study1/view1_frontal.jpg,1.0,64725,2828,2320,0.9252205491065979,0.9751530885696411,0.3042624289240892
data/chexlocalize/CheXpert/val/patient64726/study1/view1_frontal.jpg,1.0,64726,2828,2320,0.9435000419616699,0.9673789739608765,0.6835259337685495
data/chexlocalize/CheXpert/val/patient64727/study1/view1_frontal.jpg,1.0,64727,2828,2320,0.9790724515914917,0.9848951101303101,0.07643513895597938
data/chexlocalize/CheXpert/val/patient64728/study1/view1_frontal.jpg,1.0,64728,2828,2320,0.9887978434562683,0.9860745072364807,0.14689471704546364
data/chexlocalize/CheXpert/val/patient64729/study1/view1_frontal.jpg,1.0,64729,2828,2320,0.9432163238525391,0.9757442474365234,0.035842876555226194
data/chexlocalize/CheXpert/val/patient64730/study1/view1_frontal.jpg,1.0,64730,2828,2320,0.9761142730712891,0.9833424687385559,0.14346506310169455
data/chexlocalize/CheXpert/val/patient64731/study1/view1_frontal.jpg,1.0,64731,2828,2320,0.9846799969673157,0.9884738922119141,0.23461948745336908
data/chexlocalize/CheXpert/val/patient64732/study1/view1_frontal.jpg,1.0,64732,3368,2800,0.9458727240562439,0.980401873588562,0.4291008426480728
data/chexlocalize/CheXpert/val/patient64733/study1/view1_frontal.jpg,1.0,64733,2828,2320,0.9695586562156677,0.9748173356056213,0.47729252100698283
data/chexlocalize/CheXpert/val/patient64734/study1/view1_frontal.jpg,1.0,64734,2828,2320,0.9765974879264832,0.9834984540939331,0.14121384865767278
data/chexlocalize/CheXpert/val/patient64735/study1/view1_frontal.jpg,1.0,64735,2828,2320,0.9690833687782288,0.97292560338974,0.1190485611073413
data/chexlocalize/CheXpert/val/patient64736/study1/view1_frontal.jpg,1.0,64736,2828,2320,0.9622473120689392,0.9824986457824707,0.049013429997089034
data/chexlocalize/CheXpert/val/patient64737/study1/view1_frontal.jpg,1.0,64737,4240,3480,0.9711499810218811,0.9818738698959351,0.2692603774862497
data/chexlocalize/CheXpert/val/patient64738/study1/view1_frontal.jpg,1.0,64738,2828,2320,0.9723069071769714,0.9735902547836304,0.6140247225293618
data/chexlocalize/CheXpert/val/patient64739/study1/view1_frontal.jpg,1.0,64739,2828,2320,0.9495840072631836,0.9821707606315613,0.07146718540749535
data/chexlocalize/CheXpert/val/patient64740/study1/view1_frontal.jpg,1.0,64740,2828,2320,0.9598318338394165,0.9729934334754944,0.142221249473814
data/chexlocalize/CheXpert/test/patient64741/study1/view1_frontal.jpg,0.0,64741,2828,2320,0.9826683402061462,0.9817551970481873,0.09993774920166106
data/chexlocalize/CheXpert/test/patient64742/study1/view1_frontal.jpg,0.0,64742,2494,2048,0.9878080487251282,0.9864324927330017,0.38667609093542743
data/chexlocalize/CheXpert/test/patient64743/study1/view1_frontal.jpg,0.0,64743,2494,2048,0.9722499251365662,0.9771935343742371,0.23589052831016752
data/chexlocalize/CheXpert/test/patient64744/study1/view1_frontal.jpg,0.0,64744,2021,2021,0.9867835640907288,0.9805592894554138,0.10763575516536932
data/chexlocalize/CheXpert/test/patient64745/study1/view1_frontal.jpg,0.0,64745,2022,2022,0.9860311150550842,0.9770311713218689,0.017351255700858475
data/chexlocalize/CheXpert/test/patient64746/study1/view1_frontal.jpg,0.0,64746,2828,2320,0.9607447981834412,0.98216313123703,0.3693168522399289
data/chexlocalize/CheXpert/test/patient64747/study1/view1_frontal.jpg,0.0,64747,1951,2022,0.9531126022338867,0.9810958504676819,0.07910842767805193
data/chexlocalize/CheXpert/test/patient64748/study1/view1_frontal.jpg,0.0,64748,2017,2021,0.9842182993888855,0.9826721549034119,0.517102112462159
data/chexlocalize/CheXpert/test/patient64749/study1/view1_frontal.jpg,0.0,64749,2828,2320,0.9878374934196472,0.9817491173744202,0.11118048883289514
data/chexlocalize/CheXpert/test/patient64750/study1/view1_frontal.jpg,0.0,64750,2021,2021,0.9860294461250305,0.9875627160072327,0.1697987749665215
data/chexlocalize/CheXpert/test/patient64751/study1/view1_frontal.jpg,0.0,64751,2022,1751,0.9794298410415649,0.9849318265914917,0.23352123715449666
data/chexlocalize/CheXpert/test/patient64752/study1/view1_frontal.jpg,0.0,64752,2828,2320,0.985272228717804,0.9750314950942993,0.3656549915960461
data/chexlocalize/CheXpert/test/patient64753/study1/view1_frontal.jpg,0.0,64753,2828,2320,0.9807360768318176,0.9844115376472473,0.22473472249316706
data/chexlocalize/CheXpert/test/patient64754/study1/view1_frontal.jpg,0.0,64754,2022,2022,0.9826725721359253,0.9784159660339355,0.2575112435162447
data/chexlocalize/CheXpert/test/patient64755/study1/view1_frontal.jpg,0.0,64755,2828,2320,0.9554997682571411,0.9838067293167114,0.2182661808303371
data/chexlocalize/CheXpert/test/patient64756/study1/view1_frontal.jpg,0.0,64756,2021,1923,0.9899698495864868,0.9858698844909668,0.4339841688586818
data/chexlocalize/CheXpert/test/patient64757/study1/view1_frontal.jpg,0.0,64757,2828,2320,0.965691089630127,0.9797764420509338,0.5221892819567863
data/chexlocalize/CheXpert/test/patient64758/study1/view1_frontal.jpg,0.0,64758,2828,2320,0.9874470829963684,0.9818600416183472,0.515968111320463
data/chexlocalize/CheXpert/test/patient64759/study1/view1_frontal.jpg,0.0,64759,2828,2320,0.9730902910232544,0.9834209680557251,0.10759931461954038
data/chexlocalize/CheXpert/test/patient64760/study1/view1_frontal.jpg,0.0,64760,2828,2320,0.9708927869796753,0.9871630072593689,0.42273204736263226
data/chexlocalize/CheXpert/test/patient64761/study1/view1_frontal.jpg,0.0,64761,2828,2320,0.9454213976860046,0.9687724709510803,0.4643634667144763
data/chexlocalize/CheXpert/test/patient64762/study1/view1_frontal.jpg,0.0,64762,2022,1837,0.9829721450805664,0.9818917512893677,0.10704758816915452
data/chexlocalize/CheXpert/test/patient64763/study1/view1_frontal.jpg,0.0,64763,4240,3480,0.9747902154922485,0.973695695400238,0.4189835951630352
data/chexlocalize/CheXpert/test/patient64764/study1/view1_frontal.jpg,0.0,64764,2021,2021,0.9779666066169739,0.9867404103279114,0.27349859923434283
data/chexlocalize/CheXpert/test/patient64765/study1/view1_frontal.jpg,0.0,64765,2828,2320,0.9849945306777954,0.982111930847168,0.2892957652392569
data/chexlocalize/CheXpert/test/patient64766/study1/view1_frontal.jpg,0.0,64766,3128,2800,0.9817262291908264,0.9814276695251465,0.16746227406875072
data/chexlocalize/CheXpert/test/patient64767/study1/view1_frontal.jpg,0.0,64767,2828,2320,0.9789742231369019,0.982884407043457,0.28028439632657026
data/chexlocalize/CheXpert/test/patient64768/study1/view1_frontal.jpg,0.0,64768,1802,1890,0.9891246557235718,0.9817669987678528,0.11844480522251628
data/chexlocalize/CheXpert/test/patient64769/study1/view1_frontal.jpg,0.0,64769,2828,2320,0.9808664321899414,0.9867085218429565,0.39387779703619874
data/chexlocalize/CheXpert/test/patient64770/study1/view1_frontal.jpg,0.0,64770,2828,2320,0.9878994226455688,0.9853458404541016,0.16129845425223924
data/chexlocalize/CheXpert/test/patient64771/study1/view1_frontal.jpg,0.0,64771,2828,2320,0.9675063490867615,0.9770224690437317,0.43393395267558427
data/chexlocalize/CheXpert/test/patient64772/study1/view1_frontal.jpg,0.0,64772,3384,2800,0.9855791926383972,0.9849846959114075,0.3075859805069857
data/chexlocalize/CheXpert/test/patient64773/study1/view1_frontal.jpg,0.0,64773,2828,2320,0.9838941693305969,0.9871332049369812,0.21990504081266857
data/chexlocalize/CheXpert/test/patient64774/study1/view1_frontal.jpg,0.0,64774,4240,3480,0.984234631061554,0.9851099848747253,0.3853501825658223
data/chexlocalize/CheXpert/test/patient64775/study1/view1_frontal.jpg,0.0,64775,2016,2017,0.9857402443885803,0.990226149559021,0.13981685547728853
data/chexlocalize/CheXpert/test/patient64776/study1/view1_frontal.jpg,0.0,64776,2991,2800,0.9769437909126282,0.9836956262588501,0.17480427422911535
data/chexlocalize/CheXpert/test/patient64777/study1/view1_frontal.jpg,0.0,64777,2828,2320,0.9799685478210449,0.9866618514060974,0.47006570249254176
data/chexlocalize/CheXpert/test/patient64778/study1/view1_frontal.jpg,0.0,64778,2828,2320,0.9839925169944763,0.9721118211746216,0.37138274174682334
data/chexlocalize/CheXpert/test/patient64779/study1/view1_frontal.jpg,0.0,64779,2828,2320,0.9819933176040649,0.9717779159545898,0.2495735607504943
data/chexlocalize/CheXpert/test/patient64780/study1/view1_frontal.jpg,0.0,64780,2828,2320,0.976152777671814,0.9802083969116211,0.32801246700643094
data/chexlocalize/CheXpert/test/patient64781/study1/view1_frontal.jpg,0.0,64781,2021,2021,0.9862955212593079,0.9867812395095825,0.10868337948236895
data/chexlocalize/CheXpert/test/patient64782/study1/view1_frontal.jpg,0.0,64782,2021,2021,0.9700837731361389,0.98244708776474,0.18755258303070946
data/chexlocalize/CheXpert/test/patient64783/study1/view1_frontal.jpg,0.0,64783,2828,2320,0.9775635600090027,0.986141562461853,0.612308093150291
data/chexlocalize/CheXpert/test/patient64784/study1/view1_frontal.jpg,0.0,64784,2828,2320,0.9836365580558777,0.9837176203727722,0.5759265525570376
data/chexlocalize/CheXpert/test/patient64785/study1/view1_frontal.jpg,0.0,64785,2021,2021,0.974029004573822,0.9860329031944275,0.34287142737787835
data/chexlocalize/CheXpert/test/patient64786/study1/view1_frontal.jpg,0.0,64786,2012,2016,0.9623122215270996,0.9831454157829285,0.2793904224419396
data/chexlocalize/CheXpert/test/patient64787/study1/view1_frontal.jpg,0.0,64787,2828,2320,0.9832796454429626,0.9827372431755066,0.3029465600833723
data/chexlocalize/CheXpert/test/patient64788/study1/view1_frontal.jpg,0.0,64788,2021,2021,0.9746454358100891,0.9845457077026367,0.05964970410945713
data/chexlocalize/CheXpert/test/patient64789/study1/view1_frontal.jpg,0.0,64789,2828,2320,0.9797781109809875,0.9845413565635681,0.2445449174776799
data/chexlocalize/CheXpert/test/patient64790/study1/view1_frontal.jpg,0.0,64790,2828,2320,0.98977130651474,0.9806330800056458,0.13996046112794827
data/chexlocalize/CheXpert/test/patient64791/study1/view1_frontal.jpg,0.0,64791,2828,2320,0.9752965569496155,0.9815582633018494,0.4494166385453226
data/chexlocalize/CheXpert/test/patient64791/study1/view2_frontal.jpg,0.0,64791,2828,2320,0.9734228849411011,0.9770179390907288,0.3887895455369854
data/chexlocalize/CheXpert/test/patient64792/study1/view1_frontal.jpg,0.0,64792,2021,2021,0.9884394407272339,0.9796209335327148,0.15081243477235506
data/chexlocalize/CheXpert/test/patient64793/study1/view1_frontal.jpg,0.0,64793,2021,2021,0.9693724513053894,0.9843326210975647,0.09655484416303212
data/chexlocalize/CheXpert/test/patient64794/study1/view1_frontal.jpg,0.0,64794,2828,2320,0.9836283922195435,0.9830313324928284,0.2855638806103634
data/chexlocalize/CheXpert/test/patient64795/study1/view1_frontal.jpg,0.0,64795,2011,2012,0.9691972136497498,0.9794643521308899,0.263435877921901
data/chexlocalize/CheXpert/test/patient64796/study1/view1_frontal.jpg,0.0,64796,2494,2048,0.9815517067909241,0.9791663289070129,0.7805837767601921
data/chexlocalize/CheXpert/test/patient64797/study1/view1_frontal.jpg,0.0,64797,2828,2320,0.9833142161369324,0.9767640233039856,0.3587863401769906
data/chexlocalize/CheXpert/test/patient64798/study1/view1_frontal.jpg,0.0,64798,2022,2022,0.9810007810592651,0.9892155528068542,0.1391239303326096
data/chexlocalize/CheXpert/test/patient64799/study1/view1_frontal.jpg,0.0,64799,2022,1881,0.9715427756309509,0.9860183000564575,0.22087793207737724
data/chexlocalize/CheXpert/test/patient64800/study1/view1_frontal.jpg,0.0,64800,2828,2320,0.9680007100105286,0.9890440702438354,0.12189645230802491
data/chexlocalize/CheXpert/test/patient64801/study1/view1_frontal.jpg,0.0,64801,2017,2021,0.9897493720054626,0.9808530807495117,0.38952189097434137
data/chexlocalize/CheXpert/test/patient64802/study1/view1_frontal.jpg,0.0,64802,2828,2320,0.9725017547607422,0.9774040579795837,0.36474407526705277
data/chexlocalize/CheXpert/test/patient64803/study1/view1_frontal.jpg,0.0,64803,2828,2320,0.964237630367279,0.9803179502487183,0.22479840220276232
data/chexlocalize/CheXpert/test/patient64804/study1/view1_frontal.jpg,0.0,64804,2828,2320,0.9739213585853577,0.9847676157951355,0.5440664637566083
data/chexlocalize/CheXpert/test/patient64805/study1/view1_frontal.jpg,0.0,64805,2828,2320,0.9823940992355347,0.9811286330223083,0.5036195982155678
data/chexlocalize/CheXpert/test/patient64806/study1/view1_frontal.jpg,0.0,64806,2021,2021,0.9673978686332703,0.9838928580284119,0.0712435239587986
data/chexlocalize/CheXpert/test/patient64807/study1/view1_frontal.jpg,0.0,64807,2828,2320,0.9776908159255981,0.984708845615387,0.17721955126761155
data/chexlocalize/CheXpert/test/patient64808/study1/view1_frontal.jpg,0.0,64808,2022,2022,0.9653549790382385,0.9838777184486389,0.21083539443112484
data/chexlocalize/CheXpert/test/patient64809/study1/view1_frontal.jpg,0.0,64809,2828,2320,0.9769776463508606,0.9899367690086365,0.02640100783437444
data/chexlocalize/CheXpert/test/patient64809/study1/view2_frontal.jpg,0.0,64809,2828,2320,0.9672385454177856,0.9726628661155701,0.126829816561658
data/chexlocalize/CheXpert/test/patient64810/study1/view1_frontal.jpg,0.0,64810,2828,2320,0.9827828407287598,0.9790796637535095,0.7359708150253828
data/chexlocalize/CheXpert/test/patient64811/study1/view1_frontal.jpg,0.0,64811,2021,2021,0.9880193471908569,0.9899405837059021,0.07469705035458613
data/chexlocalize/CheXpert/test/patient64812/study1/view1_frontal.jpg,0.0,64812,1842,1766,0.9705033898353577,0.9850299954414368,0.13836660357494496
data/chexlocalize/CheXpert/test/patient64812/study1/view2_frontal.jpg,0.0,64812,1843,1763,0.9850240349769592,0.9890691637992859,0.23819239675354648
data/chexlocalize/CheXpert/test/patient64813/study1/view1_frontal.jpg,0.0,64813,3408,2800,0.9842669367790222,0.9808140993118286,0.39111325797380864
data/chexlocalize/CheXpert/test/patient64814/study1/view1_frontal.jpg,0.0,64814,2022,2022,0.9725759625434875,0.9899480938911438,0.1739654508866168
data/chexlocalize/CheXpert/test/patient64815/study1/view1_frontal.jpg,0.0,64815,3296,2800,0.9646154046058655,0.9764378666877747,0.4779050506817009
data/chexlocalize/CheXpert/test/patient64816/study1/view1_frontal.jpg,0.0,64816,2828,2320,0.9820227026939392,0.9837864637374878,0.4972781237734616
data/chexlocalize/CheXpert/test/patient64817/study1/view1_frontal.jpg,0.0,64817,2828,2320,0.9507989883422852,0.9780014753341675,0.3823807767811886
data/chexlocalize/CheXpert/test/patient64818/study1/view1_frontal.jpg,0.0,64818,3408,2800,0.9767730832099915,0.9815641045570374,0.42882701516867444
data/chexlocalize/CheXpert/test/patient64819/study1/view1_frontal.jpg,0.0,64819,2006,1721,0.9812385439872742,0.9877333641052246,0.06605090990982615
data/chexlocalize/CheXpert/test/patient64820/study1/view1_frontal.jpg,0.0,64820,2022,1751,0.9661179780960083,0.9809802174568176,0.18555637473563877
data/chexlocalize/CheXpert/test/patient64821/study1/view1_frontal.jpg,0.0,64821,3408,2800,0.9763666391372681,0.9796554446220398,0.21415245347024303
data/chexlocalize/CheXpert/test/patient64822/study1/view1_frontal.jpg,0.0,64822,2021,2021,0.9826273322105408,0.985718846321106,0.2069542468888458
data/chexlocalize/CheXpert/test/patient64823/study1/view1_frontal.jpg,0.0,64823,2828,2320,0.9697271585464478,0.9871245622634888,0.3170452938130387
data/chexlocalize/CheXpert/test/patient64824/study1/view1_frontal.jpg,0.0,64824,4240,3480,0.9799968004226685,0.9811004996299744,0.45415227928922447
data/chexlocalize/CheXpert/test/patient64825/study1/view1_frontal.jpg,0.0,64825,2828,2320,0.9840718507766724,0.9868736267089844,0.2598274868073184
data/chexlocalize/CheXpert/test/patient64826/study1/view1_frontal.jpg,0.0,64826,2828,2320,0.9853825569152832,0.9871615171432495,0.0940300558139356
data/chexlocalize/CheXpert/test/patient64827/study1/view1_frontal.jpg,0.0,64827,4240,3480,0.9496188163757324,0.9813528656959534,0.3394044680735263
data/chexlocalize/CheXpert/test/patient64827/study1/view2_frontal.jpg,0.0,64827,4240,3480,0.980373740196228,0.9768833518028259,0.11754539320166361
data/chexlocalize/CheXpert/test/patient64828/study1/view1_frontal.jpg,0.0,64828,1803,1531,0.9689908623695374,0.9835676550865173,0.05509967034658368
data/chexlocalize/CheXpert/test/patient64829/study1/view1_frontal.jpg,0.0,64829,2021,2021,0.985066831111908,0.9880408048629761,0.5258881972925147
data/chexlocalize/CheXpert/test/patient64830/study1/view1_frontal.jpg,0.0,64830,2828,2320,0.9425606727600098,0.9810476899147034,0.07814208820923095
data/chexlocalize/CheXpert/test/patient64831/study1/view1_frontal.jpg,0.0,64831,2828,2320,0.9597246050834656,0.9801649451255798,0.09887067762276083
data/chexlocalize/CheXpert/test/patient64832/study1/view1_frontal.jpg,0.0,64832,2828,2320,0.9684546589851379,0.9671057462692261,0.07358348997461521
data/chexlocalize/CheXpert/test/patient64833/study1/view1_frontal.jpg,0.0,64833,2828,2320,0.9856706261634827,0.9781759977340698,0.3158542192210224
data/chexlocalize/CheXpert/test/patient64834/study1/view1_frontal.jpg,0.0,64834,1991,2021,0.9869770407676697,0.9893426895141602,0.46684811208873367
data/chexlocalize/CheXpert/test/patient64835/study1/view1_frontal.jpg,0.0,64835,2022,1751,0.9777643084526062,0.9813238978385925,0.058398509366551436
data/chexlocalize/CheXpert/test/patient64836/study1/view1_frontal.jpg,0.0,64836,1844,1808,0.9557884335517883,0.9866390824317932,0.18034295275885487
data/chexlocalize/CheXpert/test/patient64837/study1/view1_frontal.jpg,0.0,64837,3376,2800,0.9864648580551147,0.9845021963119507,0.52247042683225
data/chexlocalize/CheXpert/test/patient64838/study1/view1_frontal.jpg,0.0,64838,1929,1734,0.9794096946716309,0.9843102693557739,0.04459255901638893
data/chexlocalize/CheXpert/test/patient64839/study1/view1_frontal.jpg,0.0,64839,2828,2320,0.963988721370697,0.979701578617096,0.2748187188888822
data/chexlocalize/CheXpert/test/patient64840/study1/view1_frontal.jpg,0.0,64840,2022,2022,0.9434632658958435,0.9860357642173767,0.36250377941334166
data/chexlocalize/CheXpert/test/patient64841/study1/view1_frontal.jpg,0.0,64841,2828,2320,0.9705987572669983,0.9800332188606262,0.09449760224690411
data/chexlocalize/CheXpert/test/patient64842/study1/view1_frontal.jpg,0.0,64842,2828,2320,0.99201899766922,0.979538083076477,0.40965614706957654
data/chexlocalize/CheXpert/test/patient64843/study1/view1_frontal.jpg,0.0,64843,2828,2320,0.9882603287696838,0.9826884269714355,0.3372029427744822
data/chexlocalize/CheXpert/test/patient64844/study1/view1_frontal.jpg,0.0,64844,2828,2320,0.9803056120872498,0.9780629277229309,0.07393850095278222
data/chexlocalize/CheXpert/test/patient64845/study1/view1_frontal.jpg,0.0,64845,2828,2320,0.9799264073371887,0.9795889258384705,0.09540916829667792
data/chexlocalize/CheXpert/test/patient64846/study1/view1_frontal.jpg,0.0,64846,2828,2320,0.9589564204216003,0.984665036201477,0.2722213566988075
data/chexlocalize/CheXpert/test/patient64847/study1/view1_frontal.jpg,0.0,64847,2828,2320,0.9857601523399353,0.9843305945396423,0.2657695100102344
data/chexlocalize/CheXpert/test/patient64848/study1/view1_frontal.jpg,0.0,64848,2828,2320,0.9871163368225098,0.9835976958274841,0.5853955261561158
data/chexlocalize/CheXpert/test/patient64849/study1/view1_frontal.jpg,0.0,64849,2022,2021,0.9784675240516663,0.9896019697189331,0.32291719186332013
data/chexlocalize/CheXpert/test/patient64850/study1/view1_frontal.jpg,0.0,64850,2022,2022,0.9677290320396423,0.98594731092453,0.21057344976892178
data/chexlocalize/CheXpert/test/patient64851/study1/view1_frontal.jpg,0.0,64851,2828,2320,0.982679009437561,0.9835829734802246,0.2361644209539654
data/chexlocalize/CheXpert/test/patient64852/study1/view1_frontal.jpg,0.0,64852,2855,2800,0.9767187833786011,0.9834485054016113,0.40594723453167814
data/chexlocalize/CheXpert/test/patient64853/study1/view1_frontal.jpg,0.0,64853,2021,1721,0.9794549345970154,0.9828721880912781,0.12345059750157204
data/chexlocalize/CheXpert/test/patient64854/study1/view1_frontal.jpg,0.0,64854,2828,2320,0.9725525975227356,0.9825930595397949,0.18851167413170955
data/chexlocalize/CheXpert/test/patient64855/study1/view1_frontal.jpg,0.0,64855,2022,2022,0.9702783823013306,0.9824352264404297,0.2174134503662134
data/chexlocalize/CheXpert/test/patient64856/study1/view1_frontal.jpg,0.0,64856,2494,2048,0.965774655342102,0.9740415215492249,0.09842957023021376
data/chexlocalize/CheXpert/test/patient64857/study1/view1_frontal.jpg,0.0,64857,2828,2320,0.9578320384025574,0.9870814085006714,0.24171651569564617
data/chexlocalize/CheXpert/test/patient64858/study1/view1_frontal.jpg,0.0,64858,2828,2320,0.9509278535842896,0.9749811291694641,0.14661373283094642
data/chexlocalize/CheXpert/test/patient64859/study1/view1_frontal.jpg,0.0,64859,2022,2022,0.9870529174804688,0.9892935752868652,0.26199475231940944
data/chexlocalize/CheXpert/test/patient64860/study1/view1_frontal.jpg,0.0,64860,2014,2014,0.9615129828453064,0.9741544127464294,0.1819594546285646
data/chexlocalize/CheXpert/test/patient64861/study1/view1_frontal.jpg,0.0,64861,3288,2800,0.9813858270645142,0.9795088171958923,0.5785307124189787
data/chexlocalize/CheXpert/test/patient64862/study1/view1_frontal.jpg,0.0,64862,2022,2022,0.9788042902946472,0.9812056422233582,0.27413413741053416
data/chexlocalize/CheXpert/test/patient64863/study1/view1_frontal.jpg,0.0,64863,2828,2320,0.9809803366661072,0.9824723601341248,0.3100823189162124
data/chexlocalize/CheXpert/test/patient64864/study1/view1_frontal.jpg,0.0,64864,2021,2021,0.9875051379203796,0.9823376536369324,0.1655358618294475
data/chexlocalize/CheXpert/test/patient64865/study1/view1_frontal.jpg,0.0,64865,2828,2320,0.9685357809066772,0.9855785965919495,0.06517464655112268
data/chexlocalize/CheXpert/test/patient64866/study1/view1_frontal.jpg,0.0,64866,2828,2320,0.9530842900276184,0.9843518137931824,0.23225871072755502
data/chexlocalize/CheXpert/test/patient64867/study1/view1_frontal.jpg,0.0,64867,2828,2320,0.9870530962944031,0.9857460856437683,0.6477934736766718
data/chexlocalize/CheXpert/test/patient64868/study1/view1_frontal.jpg,0.0,64868,2022,2022,0.9799051284790039,0.9886664748191833,0.08839798052353048
data/chexlocalize/CheXpert/test/patient64869/study1/view1_frontal.jpg,0.0,64869,1816,1834,0.9784347414970398,0.9846652746200562,0.3388660261882732
data/chexlocalize/CheXpert/test/patient64870/study1/view1_frontal.jpg,0.0,64870,1822,1887,0.9563207626342773,0.9836544990539551,0.1828277994066964
data/chexlocalize/CheXpert/test/patient64870/study1/view2_frontal.jpg,0.0,64870,1771,2021,0.976165235042572,0.9866204857826233,0.2238564450288875
data/chexlocalize/CheXpert/test/patient64871/study1/view1_frontal.jpg,0.0,64871,2012,2012,0.9822768568992615,0.987668514251709,0.2703253174323512
data/chexlocalize/CheXpert/test/patient64872/study1/view1_frontal.jpg,0.0,64872,2494,2048,0.9293906092643738,0.9753068089485168,0.552474777395877
data/chexlocalize/CheXpert/test/patient64873/study1/view1_frontal.jpg,0.0,64873,2828,2320,0.9841893911361694,0.9747506380081177,0.08787238040174107
data/chexlocalize/CheXpert/test/patient64874/study1/view1_frontal.jpg,0.0,64874,2022,1751,0.9783430695533752,0.9912398457527161,0.19278334276479392
data/chexlocalize/CheXpert/test/patient64875/study1/view1_frontal.jpg,0.0,64875,2012,2012,0.9477011561393738,0.9844474792480469,0.2442625299681651
data/chexlocalize/CheXpert/test/patient64876/study1/view1_frontal.jpg,0.0,64876,2021,1741,0.9752678275108337,0.9874780774116516,0.4713345876036616
data/chexlocalize/CheXpert/test/patient64877/study1/view1_frontal.jpg,0.0,64877,1970,2021,0.9754303097724915,0.9780887365341187,0.10542101651835946
data/chexlocalize/CheXpert/test/patient64878/study1/view1_frontal.jpg,0.0,64878,2001,2006,0.9886175990104675,0.9875738024711609,0.356996579478435
data/chexlocalize/CheXpert/test/patient64879/study1/view1_frontal.jpg,0.0,64879,2828,2320,0.9682105779647827,0.9862037897109985,0.2377686498703148
data/chexlocalize/CheXpert/test/patient64880/study1/view1_frontal.jpg,0.0,64880,4240,3480,0.9613174796104431,0.9813519716262817,0.3847085075411357
data/chexlocalize/CheXpert/test/patient64881/study1/view1_frontal.jpg,0.0,64881,2828,2320,0.9569693803787231,0.9847602844238281,0.15292906848610072
data/chexlocalize/CheXpert/test/patient64882/study1/view1_frontal.jpg,0.0,64882,2828,2320,0.9744375348091125,0.9816406965255737,0.12128269344792404
data/chexlocalize/CheXpert/test/patient64883/study1/view1_frontal.jpg,0.0,64883,2828,2320,0.9792144894599915,0.9856406450271606,0.45111299524580895
data/chexlocalize/CheXpert/test/patient64884/study1/view1_frontal.jpg,0.0,64884,2006,2006,0.9898667931556702,0.9877963662147522,0.17874149232059455
data/chexlocalize/CheXpert/test/patient64885/study1/view1_frontal.jpg,0.0,64885,2828,2320,0.9697219133377075,0.9750778079032898,0.9000363124983142
data/chexlocalize/CheXpert/test/patient64886/study1/view1_frontal.jpg,0.0,64886,2828,2320,0.9652481079101562,0.98554527759552,0.1381578849457386
data/chexlocalize/CheXpert/test/patient64886/study1/view2_frontal.jpg,0.0,64886,2320,2828,0.9705666303634644,0.9830887913703918,0.15573468626734052
data/chexlocalize/CheXpert/test/patient64887/study1/view1_frontal.jpg,0.0,64887,2022,1751,0.9769083857536316,0.9843859076499939,0.10404141673953601
data/chexlocalize/CheXpert/test/patient64888/study1/view1_frontal.jpg,0.0,64888,2828,2320,0.979188084602356,0.9843563437461853,0.26955241082808695
data/chexlocalize/CheXpert/test/patient64889/study1/view1_frontal.jpg,0.0,64889,2828,2320,0.9398123621940613,0.969052791595459,0.6005126075985495
data/chexlocalize/CheXpert/test/patient64890/study1/view1_frontal.jpg,0.0,64890,2828,2320,0.984667181968689,0.9817078709602356,0.28594954666603534
data/chexlocalize/CheXpert/test/patient64891/study1/view1_frontal.jpg,0.0,64891,2000,1881,0.9838758111000061,0.9876731038093567,0.16199680656021997
data/chexlocalize/CheXpert/test/patient64892/study1/view1_frontal.jpg,0.0,64892,2022,1751,0.9853326082229614,0.989085853099823,0.2620702822105615
data/chexlocalize/CheXpert/test/patient64893/study1/view1_frontal.jpg,0.0,64893,2828,2320,0.9690430760383606,0.9803999066352844,0.1202728637921955
data/chexlocalize/CheXpert/test/patient64894/study1/view1_frontal.jpg,0.0,64894,2021,1782,0.9784407019615173,0.9722086787223816,0.2724123359681904
data/chexlocalize/CheXpert/test/patient64895/study1/view1_frontal.jpg,0.0,64895,2022,1751,0.9742709398269653,0.9857298135757446,0.10841254576648282
data/chexlocalize/CheXpert/test/patient64896/study1/view1_frontal.jpg,0.0,64896,2828,2320,0.9869797825813293,0.9833080172538757,0.46208297698776835
data/chexlocalize/CheXpert/test/patient64897/study1/view1_frontal.jpg,0.0,64897,2494,2048,0.9530162811279297,0.9779067635536194,0.6285455499310927
data/chexlocalize/CheXpert/test/patient64898/study1/view1_frontal.jpg,0.0,64898,2828,2320,0.969877302646637,0.9697139859199524,0.5783340894537846
data/chexlocalize/CheXpert/test/patient64899/study1/view1_frontal.jpg,0.0,64899,2828,2320,0.941061794757843,0.9841080904006958,0.6932388227976954
data/chexlocalize/CheXpert/test/patient64900/study1/view1_frontal.jpg,0.0,64900,2828,2320,0.9801665544509888,0.9831778407096863,0.199490658619494
data/chexlocalize/CheXpert/test/patient64901/study1/view1_frontal.jpg,0.0,64901,2014,2014,0.9870004653930664,0.98689204454422,0.18562412013362464
data/chexlocalize/CheXpert/test/patient64902/study1/view1_frontal.jpg,0.0,64902,2021,2021,0.988810122013092,0.9868373870849609,0.22507981186336704
data/chexlocalize/CheXpert/test/patient64903/study1/view1_frontal.jpg,0.0,64903,2828,2320,0.9859687089920044,0.9832255244255066,0.3352499882261593
data/chexlocalize/CheXpert/test/patient64904/study1/view1_frontal.jpg,0.0,64904,4240,3480,0.9840825200080872,0.985149085521698,0.21128172279987895
data/chexlocalize/CheXpert/test/patient64905/study1/view1_frontal.jpg,0.0,64905,2022,1751,0.9708348512649536,0.987336277961731,0.17442316063577043
data/chexlocalize/CheXpert/test/patient64905/study1/view2_frontal.jpg,0.0,64905,2022,1751,0.9855726957321167,0.9878678917884827,0.10591836235725978
data/chexlocalize/CheXpert/test/patient64906/study1/view1_frontal.jpg,0.0,64906,2828,2320,0.986238956451416,0.9848037362098694,0.21749884407593642
data/chexlocalize/CheXpert/test/patient64907/study1/view1_frontal.jpg,0.0,64907,2021,1933,0.97976154088974,0.9834674000740051,0.12238231370965846
data/chexlocalize/CheXpert/test/patient64908/study1/view1_frontal.jpg,0.0,64908,2828,2320,0.9232922196388245,0.9776183366775513,0.5059876910995013
data/chexlocalize/CheXpert/test/patient64909/study1/view1_frontal.jpg,0.0,64909,2828,2320,0.9875966310501099,0.982218861579895,0.6227455914144031
data/chexlocalize/CheXpert/test/patient64910/study1/view1_frontal.jpg,0.0,64910,2021,2021,0.976759135723114,0.9847249388694763,0.3431746244944466
data/chexlocalize/CheXpert/test/patient64911/study1/view1_frontal.jpg,0.0,64911,2828,2320,0.9863075613975525,0.9898688197135925,0.301064579224887
data/chexlocalize/CheXpert/test/patient64912/study1/view1_frontal.jpg,0.0,64912,2828,2320,0.973419189453125,0.9814066886901855,0.3249209250537262
data/chexlocalize/CheXpert/test/patient64913/study1/view1_frontal.jpg,0.0,64913,2016,2021,0.9789161086082458,0.9879602193832397,0.17389677913682075
data/chexlocalize/CheXpert/test/patient64914/study1/view1_frontal.jpg,0.0,64914,2022,1751,0.9705585837364197,0.9827309846878052,0.07932879765130284
data/chexlocalize/CheXpert/test/patient64915/study1/view1_frontal.jpg,0.0,64915,2021,2021,0.9867855906486511,0.9906843900680542,0.2643296251649839
data/chexlocalize/CheXpert/test/patient64916/study1/view1_frontal.jpg,0.0,64916,2022,2022,0.9678720831871033,0.9806855320930481,0.15697575427253216
data/chexlocalize/CheXpert/test/patient64917/study1/view1_frontal.jpg,0.0,64917,2828,2320,0.9896687269210815,0.9816474914550781,0.5586382302854364
data/chexlocalize/CheXpert/test/patient64918/study1/view1_frontal.jpg,0.0,64918,2828,2320,0.9905017614364624,0.9896236062049866,0.1813910038040596
data/chexlocalize/CheXpert/test/patient64919/study1/view1_frontal.jpg,0.0,64919,2014,2014,0.9938175082206726,0.9849217534065247,0.04148093870507164
data/chexlocalize/CheXpert/test/patient64920/study1/view1_frontal.jpg,0.0,64920,2828,2320,0.9873707890510559,0.9826413989067078,0.25310463050203075
data/chexlocalize/CheXpert/test/patient64921/study1/view1_frontal.jpg,0.0,64921,2021,1711,0.9645175933837891,0.9874199032783508,0.1519210780681901
data/chexlocalize/CheXpert/test/patient64922/study1/view1_frontal.jpg,0.0,64922,2828,2320,0.965425431728363,0.9644505381584167,0.04033309006623386
data/chexlocalize/CheXpert/test/patient64923/study1/view1_frontal.jpg,0.0,64923,2021,1783,0.9716541171073914,0.9873111844062805,0.19106237706010273
data/chexlocalize/CheXpert/test/patient64924/study1/view1_frontal.jpg,0.0,64924,2828,2320,0.9723489880561829,0.9836297631263733,0.18249188383470316
data/chexlocalize/CheXpert/test/patient64925/study1/view1_frontal.jpg,0.0,64925,2494,2048,0.9874477386474609,0.9856114387512207,0.16562043419032257
data/chexlocalize/CheXpert/test/patient64926/study1/view1_frontal.jpg,0.0,64926,2021,2021,0.989251971244812,0.9822736978530884,0.11373157759571072
data/chexlocalize/CheXpert/test/patient64927/study1/view1_frontal.jpg,0.0,64927,2828,2320,0.9884348511695862,0.9799855947494507,0.20885626286442516
data/chexlocalize/CheXpert/test/patient64928/study1/view1_frontal.jpg,0.0,64928,2014,1894,0.9870762228965759,0.9906124472618103,0.1458945838492809
data/chexlocalize/CheXpert/test/patient64929/study1/view1_frontal.jpg,0.0,64929,2828,2320,0.9795767664909363,0.9792409539222717,0.13174616450956597
data/chexlocalize/CheXpert/test/patient64930/study1/view1_frontal.jpg,0.0,64930,2828,2320,0.9629439115524292,0.9729031920433044,0.1828250283302866
data/chexlocalize/CheXpert/test/patient64931/study1/view1_frontal.jpg,0.0,64931,3408,2800,0.9543560743331909,0.9811872243881226,0.4917675486781168
data/chexlocalize/CheXpert/test/patient64932/study1/view1_frontal.jpg,0.0,64932,2828,2320,0.9636951088905334,0.982162594795227,0.1857032704646271
data/chexlocalize/CheXpert/test/patient64933/study1/view1_frontal.jpg,0.0,64933,2021,2021,0.978011965751648,0.9894034266471863,0.1465324404886007
data/chexlocalize/CheXpert/test/patient64934/study1/view1_frontal.jpg,0.0,64934,2828,2320,0.9700927138328552,0.9762390851974487,0.14633001603187024
data/chexlocalize/CheXpert/test/patient64935/study1/view1_frontal.jpg,0.0,64935,2828,2320,0.9705266952514648,0.973280131816864,0.23737753178830087
data/chexlocalize/CheXpert/test/patient64936/study1/view1_frontal.jpg,0.0,64936,2828,2320,0.9546828866004944,0.977295458316803,0.14983520161158892
data/chexlocalize/CheXpert/test/patient64937/study1/view1_frontal.jpg,0.0,64937,2828,2320,0.9840863347053528,0.9534724950790405,0.8922701455445377
data/chexlocalize/CheXpert/test/patient64938/study1/view1_frontal.jpg,0.0,64938,2494,2048,0.9556558728218079,0.9791737794876099,0.4390919960995368
data/chexlocalize/CheXpert/test/patient64939/study1/view1_frontal.jpg,0.0,64939,2828,2320,0.9755313992500305,0.971775472164154,0.48376591262344104
data/chexlocalize/CheXpert/test/patient64940/study1/view1_frontal.jpg,0.0,64940,2022,1751,0.9890822172164917,0.9878622889518738,0.2621318536004156
data/chexlocalize/CheXpert/test/patient64941/study1/view1_frontal.jpg,0.0,64941,2828,2320,0.9716399312019348,0.9838467240333557,0.2832751206757583
data/chexlocalize/CheXpert/test/patient64942/study1/view1_frontal.jpg,0.0,64942,2828,2320,0.9818854928016663,0.983400285243988,0.13728498971928862
data/chexlocalize/CheXpert/test/patient64943/study1/view1_frontal.jpg,0.0,64943,2828,2320,0.9617791771888733,0.9779864549636841,0.10648468465391633
data/chexlocalize/CheXpert/test/patient64943/study1/view2_frontal.jpg,0.0,64943,2828,2320,0.9812762141227722,0.9799601435661316,0.18925887052027884
data/chexlocalize/CheXpert/test/patient64944/study1/view1_frontal.jpg,0.0,64944,2828,2320,0.9800506234169006,0.9812131524085999,0.27394423622470776
data/chexlocalize/CheXpert/test/patient64945/study1/view1_frontal.jpg,0.0,64945,2014,2014,0.9687843322753906,0.9795251488685608,0.23180897950349522
data/chexlocalize/CheXpert/test/patient64946/study1/view1_frontal.jpg,0.0,64946,3408,2800,0.9690611958503723,0.9797424674034119,0.18259364391320917
data/chexlocalize/CheXpert/test/patient64947/study1/view1_frontal.jpg,0.0,64947,2828,2320,0.9250941276550293,0.9821671843528748,0.6977473878353856
data/chexlocalize/CheXpert/test/patient64948/study1/view1_frontal.jpg,0.0,64948,4240,3480,0.9799760580062866,0.98787921667099,0.48022473945741145
data/chexlocalize/CheXpert/test/patient64949/study1/view1_frontal.jpg,0.0,64949,3312,2720,0.9669713973999023,0.9826762080192566,0.24285720089909418
data/chexlocalize/CheXpert/test/patient64949/study1/view2_frontal.jpg,0.0,64949,3408,2800,0.9470095038414001,0.9771863222122192,0.24527276492740435
data/chexlocalize/CheXpert/test/patient64950/study1/view1_frontal.jpg,0.0,64950,2828,2320,0.9785400032997131,0.9802400469779968,0.34639365006123646
data/chexlocalize/CheXpert/test/patient64951/study1/view1_frontal.jpg,0.0,64951,2022,1751,0.974126398563385,0.98198002576828,0.02280157943875985
data/chexlocalize/CheXpert/test/patient64952/study1/view1_frontal.jpg,0.0,64952,1789,1815,0.9761136770248413,0.9829205274581909,0.24546572966138577
data/chexlocalize/CheXpert/test/patient64953/study1/view1_frontal.jpg,0.0,64953,2828,2320,0.9797897338867188,0.9783743023872375,0.12337544654654803
data/chexlocalize/CheXpert/test/patient64954/study1/view1_frontal.jpg,0.0,64954,2828,2320,0.9742416143417358,0.9740509986877441,0.6717971773770367
data/chexlocalize/CheXpert/test/patient64955/study1/view1_frontal.jpg,0.0,64955,2022,2022,0.9714325666427612,0.9834374189376831,0.25556672771324657
data/chexlocalize/CheXpert/test/patient64956/study1/view1_frontal.jpg,0.0,64956,1932,1829,0.9752074480056763,0.9882259964942932,0.11154377086086813
data/chexlocalize/CheXpert/test/patient64957/study1/view1_frontal.jpg,0.0,64957,2828,2320,0.9653283953666687,0.97935950756073,0.0689980038144082
data/chexlocalize/CheXpert/test/patient64958/study1/view1_frontal.jpg,0.0,64958,4240,3480,0.9630619287490845,0.9635788202285767,0.021689325314628773
data/chexlocalize/CheXpert/test/patient64959/study1/view1_frontal.jpg,0.0,64959,2022,1746,0.9752458930015564,0.9892610311508179,0.1565761383584286
data/chexlocalize/CheXpert/test/patient64960/study1/view1_frontal.jpg,0.0,64960,2828,2320,0.9856869578361511,0.9813939332962036,0.4874162525953912
data/chexlocalize/CheXpert/test/patient64961/study1/view1_frontal.jpg,0.0,64961,2828,2320,0.972628653049469,0.9718553423881531,0.4400138104720561
data/chexlocalize/CheXpert/test/patient64962/study1/view1_frontal.jpg,0.0,64962,2828,2320,0.9723716378211975,0.976909339427948,0.12123730803830977
data/chexlocalize/CheXpert/test/patient64963/study1/view1_frontal.jpg,0.0,64963,2828,2320,0.9588662385940552,0.9756253361701965,0.2531308529364162
data/chexlocalize/CheXpert/test/patient64964/study1/view1_frontal.jpg,0.0,64964,2828,2320,0.9868128895759583,0.9866154789924622,0.2026175738585499
data/chexlocalize/CheXpert/test/patient64965/study1/view1_frontal.jpg,0.0,64965,2828,2320,0.9851733446121216,0.9813315272331238,0.14775841309780158
data/chexlocalize/CheXpert/test/patient64966/study1/view1_frontal.jpg,0.0,64966,2828,2320,0.985684871673584,0.9803439974784851,0.253413931532462
data/chexlocalize/CheXpert/test/patient64967/study1/view1_frontal.jpg,0.0,64967,2016,2021,0.9850801825523376,0.9838009476661682,0.49350022916195285
data/chexlocalize/CheXpert/test/patient64968/study1/view1_frontal.jpg,0.0,64968,2828,2320,0.9836973547935486,0.9831717610359192,0.40761118364271326
data/chexlocalize/CheXpert/test/patient64969/study1/view1_frontal.jpg,0.0,64969,2007,1751,0.9689105749130249,0.9825045466423035,0.4222640092164775
data/chexlocalize/CheXpert/test/patient64970/study1/view1_frontal.jpg,0.0,64970,2828,2320,0.9885165095329285,0.9851502180099487,0.16200041716687025
data/chexlocalize/CheXpert/test/patient64970/study1/view2_frontal.jpg,0.0,64970,2014,2023,0.9831624627113342,0.9800676703453064,0.037919267742137955
data/chexlocalize/CheXpert/test/patient64971/study1/view1_frontal.jpg,0.0,64971,4240,3480,0.9820238351821899,0.9829987287521362,0.2501573354724891
data/chexlocalize/CheXpert/test/patient64972/study1/view1_frontal.jpg,0.0,64972,2828,2320,0.9662906527519226,0.9848514795303345,0.28034019295960594
data/chexlocalize/CheXpert/test/patient64973/study1/view1_frontal.jpg,0.0,64973,3392,2774,0.961826503276825,0.9821228384971619,0.22103524010546569
data/chexlocalize/CheXpert/test/patient64974/study1/view1_frontal.jpg,0.0,64974,2828,2320,0.9876207709312439,0.9888197779655457,0.3042977886809406
data/chexlocalize/CheXpert/test/patient64975/study1/view1_frontal.jpg,0.0,64975,2828,2320,0.9382123947143555,0.9800209999084473,0.32245986610614896
data/chexlocalize/CheXpert/test/patient64976/study1/view1_frontal.jpg,0.0,64976,2014,2014,0.9758959412574768,0.9747762680053711,0.24933449659550044
data/chexlocalize/CheXpert/test/patient64977/study1/view1_frontal.jpg,0.0,64977,3408,2800,0.9741668701171875,0.9714792966842651,0.1525873662546853
data/chexlocalize/CheXpert/test/patient64978/study1/view1_frontal.jpg,0.0,64978,2017,1751,0.977889358997345,0.9824463725090027,0.13883350695619706
data/chexlocalize/CheXpert/test/patient64979/study1/view1_frontal.jpg,0.0,64979,2828,2320,0.9700223207473755,0.9829940795898438,0.3700811000295003
data/chexlocalize/CheXpert/test/patient64980/study1/view1_frontal.jpg,0.0,64980,2017,2011,0.9875565767288208,0.9822143912315369,0.18798136044603114
data/chexlocalize/CheXpert/test/patient64981/study1/view1_frontal.jpg,0.0,64981,1853,1887,0.9802185893058777,0.9839257001876831,0.1404538022943658
data/chexlocalize/CheXpert/test/patient64982/study1/view1_frontal.jpg,0.0,64982,2021,1845,0.9853081107139587,0.9839237928390503,0.09227688453345557
data/chexlocalize/CheXpert/test/patient64983/study1/view1_frontal.jpg,0.0,64983,2828,2320,0.971406102180481,0.9786275029182434,0.35518917382381776
data/chexlocalize/CheXpert/test/patient64984/study1/view1_frontal.jpg,0.0,64984,2828,2586,0.9681822061538696,0.9807161688804626,0.2042695212193574
data/chexlocalize/CheXpert/test/patient64985/study1/view1_frontal.jpg,0.0,64985,2021,2021,0.9848436713218689,0.9835575819015503,0.29438092575355107
data/chexlocalize/CheXpert/test/patient64986/study1/view1_frontal.jpg,0.0,64986,2022,2022,0.9875823259353638,0.9875168800354004,0.27474908088936995
data/chexlocalize/CheXpert/test/patient64986/study1/view2_frontal.jpg,0.0,64986,2022,2022,0.9885939955711365,0.9866648316383362,0.19914248941867324
data/chexlocalize/CheXpert/test/patient64987/study1/view1_frontal.jpg,0.0,64987,2828,2320,0.9900792241096497,0.9844504594802856,0.3202904130713776
data/chexlocalize/CheXpert/test/patient64988/study1/view1_frontal.jpg,0.0,64988,2828,2320,0.9659708142280579,0.976777195930481,0.09909340007760896
data/chexlocalize/CheXpert/test/patient64989/study1/view1_frontal.jpg,0.0,64989,2021,2021,0.9805604219436646,0.9867235422134399,0.2170921763536309
data/chexlocalize/CheXpert/test/patient64990/study1/view1_frontal.jpg,0.0,64990,2022,1751,0.9850300550460815,0.9866262674331665,0.15143171263573849
data/chexlocalize/CheXpert/test/patient64991/study1/view1_frontal.jpg,0.0,64991,2828,2320,0.9864460825920105,0.9813442826271057,0.08879523679047348
data/chexlocalize/CheXpert/test/patient64992/study1/view1_frontal.jpg,0.0,64992,2828,2320,0.9865832924842834,0.9763517379760742,0.1711004150259348
data/chexlocalize/CheXpert/test/patient64993/study1/view1_frontal.jpg,0.0,64993,3730,3062,0.9805164933204651,0.9803425669670105,0.19651987349189215
data/chexlocalize/CheXpert/test/patient64994/study1/view1_frontal.jpg,0.0,64994,2022,2021,0.9732729196548462,0.9853395819664001,0.19119574333589162
data/chexlocalize/CheXpert/test/patient64995/study1/view1_frontal.jpg,0.0,64995,2828,2320,0.9724125862121582,0.9844837784767151,0.5735409932715856
data/chexlocalize/CheXpert/test/patient64996/study1/view1_frontal.jpg,0.0,64996,2022,2022,0.982431948184967,0.9858320951461792,0.15042549306535266
data/chexlocalize/CheXpert/test/patient64997/study1/view1_frontal.jpg,0.0,64997,1763,1825,0.9918263554573059,0.9901009798049927,0.1566578523147593
data/chexlocalize/CheXpert/test/patient64998/study1/view1_frontal.jpg,0.0,64998,2022,1751,0.9791769981384277,0.973606526851654,0.12031992457318365
data/chexlocalize/CheXpert/test/patient64999/study1/view1_frontal.jpg,0.0,64999,2828,2320,0.9865988492965698,0.9866737127304077,0.61765436524587
data/chexlocalize/CheXpert/test/patient65000/study1/view1_frontal.jpg,0.0,65000,2828,2320,0.9733930230140686,0.9843707084655762,0.412514007308918
data/chexlocalize/CheXpert/test/patient65001/study1/view1_frontal.jpg,0.0,65001,2828,2320,0.9772163033485413,0.9863568544387817,0.25217612935708184
data/chexlocalize/CheXpert/test/patient65002/study1/view1_frontal.jpg,0.0,65002,2022,2016,0.98452228307724,0.9824501872062683,0.2593861108375717
data/chexlocalize/CheXpert/test/patient65003/study1/view1_frontal.jpg,0.0,65003,2828,2320,0.9743573069572449,0.9786972403526306,0.25883072162833076
data/chexlocalize/CheXpert/test/patient65004/study1/view1_frontal.jpg,0.0,65004,2828,2320,0.970500111579895,0.9798218607902527,0.21742498738991606
data/chexlocalize/CheXpert/test/patient65005/study1/view1_frontal.jpg,0.0,65005,2828,2320,0.9798664450645447,0.9759369492530823,0.4161560752880526
data/chexlocalize/CheXpert/test/patient65006/study1/view1_frontal.jpg,0.0,65006,2011,2022,0.9710292816162109,0.9888275861740112,0.18256182632704787
data/chexlocalize/CheXpert/test/patient65007/study1/view1_frontal.jpg,0.0,65007,2828,2320,0.9701030850410461,0.9883120656013489,0.34582279173723696
data/chexlocalize/CheXpert/test/patient65008/study1/view1_frontal.jpg,0.0,65008,2021,2021,0.9814192652702332,0.972793698310852,0.1304942891894553
data/chexlocalize/CheXpert/test/patient65009/study1/view1_frontal.jpg,0.0,65009,2828,2320,0.9681509733200073,0.990026593208313,0.07742118366602038
data/chexlocalize/CheXpert/test/patient65010/study1/view1_frontal.jpg,0.0,65010,2828,2320,0.9795330762863159,0.9905557632446289,0.09081951674347376
data/chexlocalize/CheXpert/test/patient65011/study1/view1_frontal.jpg,0.0,65011,3071,2800,0.9557738900184631,0.9769747853279114,0.17277898789708057
data/chexlocalize/CheXpert/test/patient65011/study1/view2_frontal.jpg,0.0,65011,3296,2800,0.9624961018562317,0.9804800748825073,0.5334103366804456
data/chexlocalize/CheXpert/test/patient65012/study1/view1_frontal.jpg,0.0,65012,2021,2021,0.9703270792961121,0.9838300347328186,0.18814361927368417
data/chexlocalize/CheXpert/test/patient65013/study1/view1_frontal.jpg,0.0,65013,2022,1751,0.9674914479255676,0.9864923357963562,0.22014624898928822
data/chexlocalize/CheXpert/test/patient65013/study1/view2_frontal.jpg,0.0,65013,2022,1751,0.9768532514572144,0.9851470589637756,0.4104390921632252
data/chexlocalize/CheXpert/test/patient65014/study1/view1_frontal.jpg,0.0,65014,2828,2320,0.9574114084243774,0.9762384295463562,0.2401301979462611
data/chexlocalize/CheXpert/test/patient65015/study1/view1_frontal.jpg,0.0,65015,2828,2320,0.984514594078064,0.9883894324302673,0.39370790950859824
data/chexlocalize/CheXpert/test/patient65016/study1/view1_frontal.jpg,0.0,65016,2828,2320,0.9525343179702759,0.9834815263748169,0.17886783087885333
data/chexlocalize/CheXpert/test/patient65017/study1/view1_frontal.jpg,0.0,65017,2828,2320,0.9702788591384888,0.9822019934654236,0.27628512788953014
data/chexlocalize/CheXpert/test/patient65018/study1/view1_frontal.jpg,0.0,65018,1960,2021,0.9715155363082886,0.9848580956459045,0.0929623567822056
data/chexlocalize/CheXpert/test/patient65019/study1/view1_frontal.jpg,0.0,65019,2828,2320,0.9811816811561584,0.9808335900306702,0.17020367176775592
data/chexlocalize/CheXpert/test/patient65020/study1/view1_frontal.jpg,0.0,65020,2022,2022,0.9823673367500305,0.9847117066383362,0.21063404676443778
data/chexlocalize/CheXpert/test/patient65021/study1/view1_frontal.jpg,0.0,65021,2828,2320,0.9810320734977722,0.977443516254425,0.27749192863084093
data/chexlocalize/CheXpert/test/patient65022/study1/view1_frontal.jpg,0.0,65022,2828,2320,0.9836267828941345,0.9711166620254517,0.20408728511998755
data/chexlocalize/CheXpert/test/patient65023/study1/view1_frontal.jpg,0.0,65023,2828,2320,0.987731397151947,0.9875674843788147,0.11581363666114562
data/chexlocalize/CheXpert/test/patient65024/study1/view1_frontal.jpg,0.0,65024,2022,2022,0.9867080450057983,0.9879938960075378,0.18152766659027791
data/chexlocalize/CheXpert/test/patient65025/study1/view1_frontal.jpg,0.0,65025,2828,2320,0.9635984301567078,0.9803204536437988,0.5246541498198336
data/chexlocalize/CheXpert/test/patient65026/study1/view1_frontal.jpg,0.0,65026,2011,2011,0.989002525806427,0.9842313528060913,0.08949004836298041
data/chexlocalize/CheXpert/test/patient65027/study1/view1_frontal.jpg,0.0,65027,2022,1746,0.9721733927726746,0.9739395976066589,0.08951529359148065
data/chexlocalize/CheXpert/test/patient65028/study1/view1_frontal.jpg,0.0,65028,2828,2320,0.9546532034873962,0.9705929756164551,0.4050639517208429
data/chexlocalize/CheXpert/test/patient65029/study1/view1_frontal.jpg,0.0,65029,2828,2320,0.9807473421096802,0.9827976226806641,0.3727334891062909
data/chexlocalize/CheXpert/test/patient65030/study1/view1_frontal.jpg,0.0,65030,2828,2320,0.9836423993110657,0.9810320734977722,0.40416593418209584
data/chexlocalize/CheXpert/test/patient65031/study1/view1_frontal.jpg,0.0,65031,2022,2016,0.9807333946228027,0.9749751687049866,0.12185438883361675
data/chexlocalize/CheXpert/test/patient65031/study1/view2_frontal.jpg,0.0,65031,2022,2016,0.9875813722610474,0.9878451228141785,0.21835705146938408
data/chexlocalize/CheXpert/test/patient65032/study1/view1_frontal.jpg,0.0,65032,2828,2320,0.9808401465415955,0.9866029024124146,0.41224784648500257
data/chexlocalize/CheXpert/test/patient65033/study1/view1_frontal.jpg,0.0,65033,2022,2022,0.9823371171951294,0.9842365384101868,0.37795392987088916
data/chexlocalize/CheXpert/test/patient65034/study1/view1_frontal.jpg,0.0,65034,2828,2320,0.9865253567695618,0.991258978843689,0.1250985466878534
data/chexlocalize/CheXpert/test/patient65035/study1/view1_frontal.jpg,0.0,65035,2017,1751,0.967830240726471,0.9849638342857361,0.2843216087539156
data/chexlocalize/CheXpert/test/patient65036/study1/view1_frontal.jpg,0.0,65036,2828,2320,0.9763463735580444,0.9863653779029846,0.42213994585711506
data/chexlocalize/CheXpert/test/patient65037/study1/view1_frontal.jpg,0.0,65037,2828,2320,0.9766501188278198,0.98097163438797,0.5221271310199377
data/chexlocalize/CheXpert/test/patient65038/study1/view1_frontal.jpg,0.0,65038,3055,2800,0.9823461771011353,0.9848493933677673,0.5304503084897483
data/chexlocalize/CheXpert/test/patient65039/study1/view1_frontal.jpg,0.0,65039,2828,2320,0.9791971445083618,0.98459392786026,0.19912581660120143
data/chexlocalize/CheXpert/test/patient65040/study1/view1_frontal.jpg,0.0,65040,2828,2320,0.9708588719367981,0.9849750399589539,0.25154207944516654
data/chexlocalize/CheXpert/test/patient65041/study1/view1_frontal.jpg,0.0,65041,2828,2320,0.9854297041893005,0.9830732345581055,0.5834317777937846
data/chexlocalize/CheXpert/test/patient65042/study1/view1_frontal.jpg,0.0,65042,2828,2320,0.9701237082481384,0.9695447087287903,0.3645604265216407
data/chexlocalize/CheXpert/test/patient65043/study1/view1_frontal.jpg,0.0,65043,2828,2320,0.969136655330658,0.9855867624282837,0.19770674164646523
data/chexlocalize/CheXpert/test/patient65044/study1/view1_frontal.jpg,0.0,65044,2828,2320,0.9832978844642639,0.9805952310562134,0.5745464954915795
data/chexlocalize/CheXpert/test/patient65045/study1/view1_frontal.jpg,0.0,65045,2828,2320,0.9802966117858887,0.9696612358093262,0.40717671896968927
data/chexlocalize/CheXpert/test/patient65046/study1/view1_frontal.jpg,0.0,65046,2828,2320,0.9661604762077332,0.9850142598152161,0.058282804978887354
data/chexlocalize/CheXpert/test/patient65047/study1/view1_frontal.jpg,0.0,65047,2828,2320,0.9872178435325623,0.9753003716468811,0.21166664873644692
data/chexlocalize/CheXpert/test/patient65048/study1/view1_frontal.jpg,0.0,65048,2828,2320,0.9658368229866028,0.9837059378623962,0.36220931416463903
data/chexlocalize/CheXpert/test/patient65049/study1/view1_frontal.jpg,0.0,65049,2828,2320,0.9752074480056763,0.9662575125694275,0.2870331605237067
data/chexlocalize/CheXpert/test/patient65050/study1/view1_frontal.jpg,0.0,65050,3408,2800,0.9572469592094421,0.9796948432922363,0.8608020829660242
data/chexlocalize/CheXpert/test/patient65050/study1/view2_frontal.jpg,0.0,65050,3408,2800,0.9625750780105591,0.9851716160774231,0.25088542049944595
data/chexlocalize/CheXpert/test/patient65051/study1/view1_frontal.jpg,0.0,65051,2828,2320,0.9576953053474426,0.970403790473938,0.7188640656684333
data/chexlocalize/CheXpert/test/patient65051/study1/view2_frontal.jpg,0.0,65051,2828,2320,0.9762396216392517,0.9782194495201111,0.1833140732275171
data/chexlocalize/CheXpert/test/patient65052/study1/view1_frontal.jpg,0.0,65052,2828,2320,0.9891905188560486,0.9853448867797852,0.1406707924111279
data/chexlocalize/CheXpert/test/patient65053/study1/view1_frontal.jpg,0.0,65053,2828,2320,0.9797900319099426,0.9778977632522583,0.3355492858289146
data/chexlocalize/CheXpert/test/patient65054/study1/view1_frontal.jpg,0.0,65054,2828,2320,0.9680343866348267,0.9853823781013489,0.532250420433808
data/chexlocalize/CheXpert/test/patient65055/study1/view1_frontal.jpg,0.0,65055,2828,2320,0.9802275896072388,0.9756407737731934,0.6740602915311156
data/chexlocalize/CheXpert/test/patient65056/study1/view1_frontal.jpg,0.0,65056,2494,2048,0.9603486657142639,0.9715915322303772,0.39756935421199324
data/chexlocalize/CheXpert/test/patient65057/study1/view1_frontal.jpg,0.0,65057,2828,2320,0.9701399207115173,0.9809888601303101,0.4050378251681317
data/chexlocalize/CheXpert/test/patient65058/study1/view1_frontal.jpg,0.0,65058,2828,2320,0.9824821352958679,0.9865681529045105,0.25222128606365907
data/chexlocalize/CheXpert/test/patient65059/study1/view1_frontal.jpg,0.0,65059,2828,2320,0.9856666922569275,0.9857624769210815,0.25521046209492687
data/chexlocalize/CheXpert/test/patient65060/study1/view1_frontal.jpg,0.0,65060,2828,2320,0.9826149940490723,0.9807462692260742,0.4785777430556742
data/chexlocalize/CheXpert/test/patient65061/study1/view1_frontal.jpg,0.0,65061,2828,2320,0.9819965362548828,0.9754775166511536,0.15788925474095722
data/chexlocalize/CheXpert/test/patient65062/study1/view1_frontal.jpg,0.0,65062,3392,2800,0.9771041870117188,0.9836649298667908,0.6200547560968747
data/chexlocalize/CheXpert/test/patient65063/study1/view1_frontal.jpg,0.0,65063,2828,2320,0.9770317077636719,0.9808064103126526,0.23047312869460715
data/chexlocalize/CheXpert/test/patient65064/study1/view1_frontal.jpg,0.0,65064,2663,2579,0.9783490896224976,0.972051739692688,0.1884572644704976
data/chexlocalize/CheXpert/test/patient65065/study1/view1_frontal.jpg,0.0,65065,2828,2320,0.9607527852058411,0.987162172794342,0.3826973290928349
data/chexlocalize/CheXpert/test/patient65066/study1/view1_frontal.jpg,0.0,65066,3111,2800,0.9717445373535156,0.9802098870277405,0.3498769876715463
data/chexlocalize/CheXpert/test/patient65067/study1/view1_frontal.jpg,0.0,65067,2828,2320,0.9700689315795898,0.9795099496841431,0.12676310020501821
data/chexlocalize/CheXpert/test/patient65068/study1/view1_frontal.jpg,0.0,65068,2828,2320,0.9825770258903503,0.9753352403640747,0.25933225705655305
data/chexlocalize/CheXpert/test/patient65069/study1/view1_frontal.jpg,0.0,65069,2828,2320,0.9802142381668091,0.9782053828239441,0.10428537706961513
data/chexlocalize/CheXpert/test/patient65070/study1/view1_frontal.jpg,0.0,65070,2828,2320,0.9545654654502869,0.9794512987136841,0.1154985219842293
data/chexlocalize/CheXpert/test/patient65071/study1/view1_frontal.jpg,0.0,65071,2494,2048,0.9837477803230286,0.9915346503257751,0.2939777492377092
data/chexlocalize/CheXpert/test/patient65072/study1/view1_frontal.jpg,0.0,65072,2828,2320,0.9826322793960571,0.9847841262817383,0.09640811720432253
data/chexlocalize/CheXpert/test/patient65073/study1/view1_frontal.jpg,0.0,65073,2828,2320,0.9704016447067261,0.982010543346405,0.40017853472327974
data/chexlocalize/CheXpert/test/patient65074/study1/view1_frontal.jpg,0.0,65074,2828,2320,0.9771788716316223,0.9849430918693542,0.4416934532894856
data/chexlocalize/CheXpert/test/patient65075/study1/view1_frontal.jpg,0.0,65075,2828,2320,0.9798277616500854,0.9817765355110168,0.0532915315762497
data/chexlocalize/CheXpert/test/patient65076/study1/view1_frontal.jpg,0.0,65076,2828,2320,0.9820719957351685,0.9845142364501953,0.1365490202710103
data/chexlocalize/CheXpert/test/patient65077/study1/view1_frontal.jpg,0.0,65077,2828,2320,0.9600528478622437,0.9849003553390503,0.24601117269769576
data/chexlocalize/CheXpert/test/patient65078/study1/view1_frontal.jpg,0.0,65078,2828,2320,0.9611672163009644,0.9819899201393127,0.6331222874242538
data/chexlocalize/CheXpert/test/patient65079/study1/view1_frontal.jpg,0.0,65079,2828,2320,0.9704214334487915,0.9831107258796692,0.21606261971276522
data/chexlocalize/CheXpert/test/patient65080/study1/view1_frontal.jpg,0.0,65080,2828,2320,0.9297561645507812,0.9799984097480774,0.6956710680309459
data/chexlocalize/CheXpert/test/patient65081/study1/view1_frontal.jpg,0.0,65081,2828,2320,0.9842303395271301,0.9805395007133484,0.18893895010853515
data/chexlocalize/CheXpert/test/patient65082/study1/view1_frontal.jpg,0.0,65082,2828,2320,0.974714457988739,0.9812808632850647,0.23021815154050265
data/chexlocalize/CheXpert/test/patient65083/study1/view1_frontal.jpg,0.0,65083,2828,2320,0.9361558556556702,0.9792767763137817,0.38180192337952523
data/chexlocalize/CheXpert/test/patient65084/study1/view1_frontal.jpg,0.0,65084,2828,2320,0.9799255132675171,0.983886182308197,0.13086433296723887
data/chexlocalize/CheXpert/test/patient65084/study1/view2_frontal.jpg,0.0,65084,4240,3480,0.953312873840332,0.9792172312736511,0.2392178794761056
data/chexlocalize/CheXpert/test/patient65085/study1/view1_frontal.jpg,0.0,65085,2828,2320,0.9865735173225403,0.9810181856155396,0.5519346624725374
data/chexlocalize/CheXpert/test/patient65086/study1/view1_frontal.jpg,0.0,65086,2828,2320,0.9911676049232483,0.8020876049995422,0.00016728515864656955
data/chexlocalize/CheXpert/test/patient65087/study1/view1_frontal.jpg,0.0,65087,2828,2320,0.9755347371101379,0.9799866080284119,0.21385122031757148
data/chexlocalize/CheXpert/test/patient65088/study1/view1_frontal.jpg,0.0,65088,3176,2800,0.9619709849357605,0.9727707505226135,0.4634161288084853
data/chexlocalize/CheXpert/test/patient65089/study1/view1_frontal.jpg,0.0,65089,2828,2320,0.9811776876449585,0.9848046898841858,0.3261429464540644
data/chexlocalize/CheXpert/test/patient65090/study1/view1_frontal.jpg,0.0,65090,2828,2320,0.9822226166725159,0.9765690565109253,0.45537594196803166
data/chexlocalize/CheXpert/test/patient65091/study1/view1_frontal.jpg,0.0,65091,2828,2320,0.9849678874015808,0.9778206944465637,0.452624012158518
data/chexlocalize/CheXpert/test/patient65092/study1/view1_frontal.jpg,0.0,65092,2828,2320,0.9794982075691223,0.9753205180168152,0.8418516528169399
data/chexlocalize/CheXpert/test/patient65093/study1/view1_frontal.jpg,0.0,65093,2828,2320,0.9750198721885681,0.9805103540420532,0.17750261996217648
data/chexlocalize/CheXpert/test/patient65094/study1/view1_frontal.jpg,0.0,65094,2494,2048,0.9879686236381531,0.9851153492927551,0.07703115032321824
data/chexlocalize/CheXpert/test/patient65095/study1/view1_frontal.jpg,0.0,65095,2828,2320,0.9683299660682678,0.979348361492157,0.3114774255744585
data/chexlocalize/CheXpert/test/patient65096/study1/view1_frontal.jpg,0.0,65096,2828,2320,0.9607397317886353,0.986198902130127,0.4095522389507705
data/chexlocalize/CheXpert/test/patient65097/study1/view1_frontal.jpg,0.0,65097,2828,2320,0.9334102272987366,0.9651942253112793,0.5511592273751152
data/chexlocalize/CheXpert/test/patient65098/study1/view1_frontal.jpg,0.0,65098,2494,2048,0.9723201990127563,0.9733372926712036,0.4030169248844277
data/chexlocalize/CheXpert/test/patient65099/study1/view1_frontal.jpg,0.0,65099,3408,2800,0.9504873156547546,0.9738057851791382,0.37958508951652803
data/chexlocalize/CheXpert/test/patient65100/study1/view1_frontal.jpg,0.0,65100,2828,2320,0.9853887557983398,0.9745261073112488,0.20627515442033684
data/chexlocalize/CheXpert/test/patient65101/study1/view1_frontal.jpg,0.0,65101,2494,2048,0.9770928621292114,0.9815158247947693,0.33276626462498293
data/chexlocalize/CheXpert/test/patient65102/study1/view1_frontal.jpg,0.0,65102,2828,2320,0.9900899529457092,0.9822732210159302,0.05588958303286694
data/chexlocalize/CheXpert/test/patient65103/study1/view1_frontal.jpg,0.0,65103,2494,2048,0.9788218140602112,0.9835285544395447,0.20677732020968992
data/chexlocalize/CheXpert/test/patient65104/study1/view1_frontal.jpg,0.0,65104,2828,2320,0.9680809378623962,0.9693722128868103,0.271767429497319
data/chexlocalize/CheXpert/test/patient65105/study1/view1_frontal.jpg,0.0,65105,2828,2320,0.9716433882713318,0.9825235605239868,0.5458475586019934
data/chexlocalize/CheXpert/test/patient65106/study1/view1_frontal.jpg,0.0,65106,2828,2320,0.9648095369338989,0.9848055243492126,0.26416150255392024
data/chexlocalize/CheXpert/test/patient65107/study1/view1_frontal.jpg,0.0,65107,2828,2320,0.9682593941688538,0.9855634570121765,0.17636479972335045
data/chexlocalize/CheXpert/test/patient65108/study1/view1_frontal.jpg,0.0,65108,2828,2320,0.980453610420227,0.9821414947509766,0.35973335761091446
data/chexlocalize/CheXpert/test/patient65109/study1/view1_frontal.jpg,0.0,65109,2828,2320,0.9779187440872192,0.9811620712280273,0.3490791313490802
data/chexlocalize/CheXpert/test/patient65110/study1/view1_frontal.jpg,0.0,65110,2828,2320,0.9832082390785217,0.9713691473007202,0.14279774437940054
data/chexlocalize/CheXpert/test/patient65111/study1/view1_frontal.jpg,0.0,65111,3408,2800,0.9757457375526428,0.9799298048019409,0.4951706589267059
data/chexlocalize/CheXpert/test/patient65112/study1/view1_frontal.jpg,0.0,65112,2828,2320,0.9867276549339294,0.9871852993965149,0.12657444337114696
data/chexlocalize/CheXpert/test/patient65113/study1/view1_frontal.jpg,0.0,65113,2828,2320,0.9684256911277771,0.9854761362075806,0.09840654253299241
data/chexlocalize/CheXpert/test/patient65114/study1/view1_frontal.jpg,0.0,65114,2828,2320,0.9852879643440247,0.9789353013038635,0.1596707661663485
data/chexlocalize/CheXpert/test/patient65115/study1/view1_frontal.jpg,0.0,65115,2828,2320,0.9749791026115417,0.9783316850662231,0.32519961009864023
data/chexlocalize/CheXpert/test/patient65116/study1/view1_frontal.jpg,0.0,65116,3320,2800,0.9794172048568726,0.9820021986961365,0.2649255528370483
data/chexlocalize/CheXpert/test/patient65117/study1/view1_frontal.jpg,0.0,65117,3408,2800,0.959350049495697,0.9694460034370422,0.3936330750799324
data/chexlocalize/CheXpert/test/patient65118/study1/view1_frontal.jpg,0.0,65118,2828,2320,0.971824586391449,0.97144615650177,0.2440972187085712
data/chexlocalize/CheXpert/test/patient65119/study1/view1_frontal.jpg,0.0,65119,2494,2048,0.9631651043891907,0.9783923029899597,0.052891876163568385
data/chexlocalize/CheXpert/test/patient65120/study1/view1_frontal.jpg,0.0,65120,2828,2320,0.9387069344520569,0.9747645258903503,0.34176078230368057
data/chexlocalize/CheXpert/test/patient65121/study1/view1_frontal.jpg,0.0,65121,2828,2320,0.9685040712356567,0.980094850063324,0.5131409113981726
data/chexlocalize/CheXpert/test/patient65122/study1/view1_frontal.jpg,0.0,65122,2828,2320,0.9755472540855408,0.9833824038505554,0.04927521503567295
data/chexlocalize/CheXpert/test/patient65123/study1/view1_frontal.jpg,0.0,65123,2828,2320,0.9881569743156433,0.9811742901802063,0.32290300956965556
data/chexlocalize/CheXpert/test/patient65124/study1/view1_frontal.jpg,0.0,65124,2828,2320,0.9720463156700134,0.9729370474815369,0.30004341947301283
data/chexlocalize/CheXpert/test/patient65125/study1/view1_frontal.jpg,0.0,65125,2828,2320,0.9720288515090942,0.9705575108528137,0.5622313381646029
data/chexlocalize/CheXpert/test/patient65126/study1/view1_frontal.jpg,0.0,65126,2828,2320,0.9787134528160095,0.9770498871803284,0.18764620094817933
data/chexlocalize/CheXpert/test/patient65127/study1/view1_frontal.jpg,0.0,65127,2828,2320,0.9503636956214905,0.9769841432571411,0.1730467804577445
data/chexlocalize/CheXpert/test/patient65128/study1/view1_frontal.jpg,0.0,65128,2494,2048,0.9704936146736145,0.9856203198432922,0.5978460609399915
data/chexlocalize/CheXpert/test/patient65129/study1/view1_frontal.jpg,0.0,65129,2828,2320,0.96495521068573,0.9857087731361389,0.15830079981727643
data/chexlocalize/CheXpert/test/patient65130/study1/view1_frontal.jpg,0.0,65130,2828,2320,0.9833534955978394,0.981221079826355,0.62123476985139
data/chexlocalize/CheXpert/test/patient65131/study1/view1_frontal.jpg,0.0,65131,2828,2320,0.9762192964553833,0.9818229079246521,0.33795732616286017
data/chexlocalize/CheXpert/test/patient65132/study1/view1_frontal.jpg,0.0,65132,2828,2320,0.9850413203239441,0.9644579291343689,0.07702026866655189
data/chexlocalize/CheXpert/test/patient65133/study1/view1_frontal.jpg,0.0,65133,3408,2800,0.9428523182868958,0.9788742661476135,0.5538473637396029
data/chexlocalize/CheXpert/test/patient65134/study1/view1_frontal.jpg,0.0,65134,2828,2320,0.9866316914558411,0.9788252115249634,0.41223477552751586
data/chexlocalize/CheXpert/test/patient65135/study1/view1_frontal.jpg,0.0,65135,2494,2048,0.9716647267341614,0.9806452989578247,0.13277744830987592
data/chexlocalize/CheXpert/test/patient65136/study1/view1_frontal.jpg,0.0,65136,2828,2320,0.9803768992424011,0.9781242609024048,0.12136443390883611
data/chexlocalize/CheXpert/test/patient65137/study1/view1_frontal.jpg,0.0,65137,2828,2320,0.9807558059692383,0.9821811318397522,0.26158243863137776
data/chexlocalize/CheXpert/test/patient65138/study1/view1_frontal.jpg,0.0,65138,2828,2320,0.9743996858596802,0.9705467224121094,0.07235151702476306
data/chexlocalize/CheXpert/test/patient65139/study1/view1_frontal.jpg,0.0,65139,2828,2320,0.9838624000549316,0.9849180579185486,0.2420516008401895
data/chexlocalize/CheXpert/test/patient65140/study1/view1_frontal.jpg,0.0,65140,2828,2320,0.9481661915779114,0.9818209409713745,0.11590113236309472
data/chexlocalize/CheXpert/test/patient65141/study1/view1_frontal.jpg,0.0,65141,2494,2048,0.9876274466514587,0.9809134602546692,0.024314867514165218
data/chexlocalize/CheXpert/test/patient65142/study1/view1_frontal.jpg,0.0,65142,2828,2320,0.9756156802177429,0.9820694923400879,0.12682780068185476
data/chexlocalize/CheXpert/test/patient65143/study1/view1_frontal.jpg,0.0,65143,2828,2320,0.9618001580238342,0.9789382815361023,0.2461835176051543
data/chexlocalize/CheXpert/test/patient65144/study1/view1_frontal.jpg,0.0,65144,2828,2320,0.9629871249198914,0.9693577885627747,0.2625399169781312
data/chexlocalize/CheXpert/test/patient65145/study1/view1_frontal.jpg,0.0,65145,4240,3480,0.9627891778945923,0.858453094959259,0.4644054705145005
data/chexlocalize/CheXpert/test/patient65146/study1/view1_frontal.jpg,0.0,65146,2828,2320,0.9763143658638,0.9812397360801697,0.4642637777944651
data/chexlocalize/CheXpert/test/patient65147/study1/view1_frontal.jpg,0.0,65147,2828,2320,0.9764957427978516,0.9805837273597717,0.16393031881053555
data/chexlocalize/CheXpert/test/patient65148/study1/view1_frontal.jpg,0.0,65148,2828,2320,0.9816461205482483,0.9814888834953308,0.12928425306712865
data/chexlocalize/CheXpert/test/patient65149/study1/view1_frontal.jpg,0.0,65149,2494,2048,0.9802983403205872,0.9843242764472961,0.2725951579949448
data/chexlocalize/CheXpert/test/patient65150/study1/view1_frontal.jpg,0.0,65150,2828,2320,0.9879145622253418,0.9873742461204529,0.3902512634794509
data/chexlocalize/CheXpert/test/patient65151/study1/view1_frontal.jpg,0.0,65151,2828,2320,0.9807581901550293,0.979028046131134,0.15346844514660507
data/chexlocalize/CheXpert/test/patient65152/study1/view1_frontal.jpg,0.0,65152,2828,2320,0.9665533900260925,0.9826903939247131,0.18377197753038216
data/chexlocalize/CheXpert/test/patient65153/study1/view1_frontal.jpg,0.0,65153,2494,2048,0.9667441248893738,0.9824379682540894,0.20699591088336752
data/chexlocalize/CheXpert/test/patient65154/study1/view1_frontal.jpg,0.0,65154,2828,2320,0.9875416159629822,0.9847931265830994,0.14065958868889333
data/chexlocalize/CheXpert/test/patient65155/study1/view1_frontal.jpg,0.0,65155,3408,2800,0.9797633290290833,0.9775319695472717,0.1582589125062446
data/chexlocalize/CheXpert/test/patient65156/study1/view1_frontal.jpg,0.0,65156,2828,2320,0.981442391872406,0.9883087873458862,0.34696969905951114
data/chexlocalize/CheXpert/test/patient65157/study1/view1_frontal.jpg,0.0,65157,2828,2320,0.9820395708084106,0.9769052863121033,0.36069803880008117
data/chexlocalize/CheXpert/test/patient65158/study1/view1_frontal.jpg,0.0,65158,2828,2320,0.9855173230171204,0.9789371490478516,0.03393893787376507
data/chexlocalize/CheXpert/test/patient65159/study1/view1_frontal.jpg,0.0,65159,2828,2320,0.9760991334915161,0.985598087310791,0.09119656812167558
data/chexlocalize/CheXpert/test/patient65160/study1/view1_frontal.jpg,0.0,65160,2828,2320,0.9859577417373657,0.9855664968490601,0.49535169570269444
data/chexlocalize/CheXpert/test/patient65161/study1/view1_frontal.jpg,0.0,65161,2828,2320,0.9855694770812988,0.985003650188446,0.02771467983856517
data/chexlocalize/CheXpert/test/patient65162/study1/view1_frontal.jpg,0.0,65162,2828,2320,0.9786299467086792,0.9838622808456421,0.10070215962515691
data/chexlocalize/CheXpert/test/patient65163/study1/view1_frontal.jpg,0.0,65163,2828,2320,0.973560631275177,0.9771607518196106,0.03991298576228009
data/chexlocalize/CheXpert/test/patient65164/study1/view1_frontal.jpg,0.0,65164,2828,2320,0.9871824383735657,0.985329806804657,0.3632089953567514
data/chexlocalize/CheXpert/test/patient65165/study1/view1_frontal.jpg,0.0,65165,2828,2320,0.9788618683815002,0.9890128970146179,0.17263765200835257
data/chexlocalize/CheXpert/test/patient65166/study1/view1_frontal.jpg,0.0,65166,2828,2320,0.9653128981590271,0.9887452721595764,0.462721790865598
data/chexlocalize/CheXpert/test/patient65167/study1/view1_frontal.jpg,0.0,65167,2828,2320,0.9837810397148132,0.9782230257987976,0.11517340799848783
data/chexlocalize/CheXpert/test/patient65168/study1/view1_frontal.jpg,0.0,65168,2828,2320,0.9758888483047485,0.9772037863731384,0.3786785822376893
data/chexlocalize/CheXpert/test/patient65169/study1/view1_frontal.jpg,0.0,65169,2828,2320,0.9741734266281128,0.9755316972732544,0.5660583559210941
data/chexlocalize/CheXpert/test/patient65170/study1/view1_frontal.jpg,0.0,65170,2828,2320,0.9822307825088501,0.9744753241539001,0.5878708765435485
data/chexlocalize/CheXpert/test/patient65171/study1/view1_frontal.jpg,0.0,65171,2828,2320,0.9607966542243958,0.9843502044677734,0.180217065904133
data/chexlocalize/CheXpert/test/patient65172/study1/view1_frontal.jpg,0.0,65172,2828,2320,0.9848038554191589,0.9845638275146484,0.25232792587838915
data/chexlocalize/CheXpert/test/patient65173/study1/view1_frontal.jpg,0.0,65173,3143,2656,0.9611825942993164,0.9773817658424377,0.2448332414427648
data/chexlocalize/CheXpert/test/patient65174/study1/view1_frontal.jpg,0.0,65174,2828,2320,0.9844328761100769,0.9849139451980591,0.3425981477081324
data/chexlocalize/CheXpert/test/patient65175/study1/view1_frontal.jpg,0.0,65175,2828,2320,0.990365207195282,0.986362636089325,0.17594277105877823
data/chexlocalize/CheXpert/test/patient65176/study1/view1_frontal.jpg,0.0,65176,2828,2320,0.9779776930809021,0.975807785987854,0.14644687096508105
data/chexlocalize/CheXpert/test/patient65177/study1/view1_frontal.jpg,0.0,65177,2828,2320,0.9865704774856567,0.9830529093742371,0.48522692171309173
data/chexlocalize/CheXpert/test/patient65178/study1/view1_frontal.jpg,0.0,65178,2828,2320,0.9644377827644348,0.987498939037323,0.41874144507103106
data/chexlocalize/CheXpert/test/patient65179/study1/view1_frontal.jpg,0.0,65179,2494,2048,0.9785485863685608,0.9835683107376099,0.18676982324881594
data/chexlocalize/CheXpert/test/patient65180/study1/view1_frontal.jpg,0.0,65180,2828,2320,0.9774779677391052,0.9824969172477722,0.4065242322215935
data/chexlocalize/CheXpert/test/patient65181/study1/view1_frontal.jpg,0.0,65181,3408,2800,0.9591217041015625,0.9798621535301208,0.47744965988806126
data/chexlocalize/CheXpert/test/patient65182/study1/view1_frontal.jpg,0.0,65182,2828,2320,0.9863596558570862,0.9804592132568359,0.34279074857942554
data/chexlocalize/CheXpert/test/patient65183/study1/view1_frontal.jpg,0.0,65183,2828,2320,0.9799116253852844,0.9835410118103027,0.3005919269062867
data/chexlocalize/CheXpert/test/patient65184/study1/view1_frontal.jpg,0.0,65184,3079,2800,0.9834724068641663,0.9828261137008667,0.5877993871132856
data/chexlocalize/CheXpert/test/patient65185/study1/view1_frontal.jpg,0.0,65185,2828,2320,0.9706107974052429,0.9844051599502563,0.21347471436574705
data/chexlocalize/CheXpert/test/patient65186/study1/view1_frontal.jpg,0.0,65186,2828,2320,0.9819375872612,0.9787921905517578,0.18024794824544027
data/chexlocalize/CheXpert/test/patient65187/study1/view1_frontal.jpg,0.0,65187,3272,2800,0.9741193056106567,0.9669589996337891,0.3138887714915508
data/chexlocalize/CheXpert/test/patient65188/study1/view1_frontal.jpg,0.0,65188,2828,2320,0.9414026141166687,0.9821049571037292,0.36972095607420924
data/chexlocalize/CheXpert/test/patient65189/study1/view1_frontal.jpg,0.0,65189,2828,2320,0.9684283137321472,0.9867291450500488,0.1294444689937867
data/chexlocalize/CheXpert/test/patient65189/study1/view2_frontal.jpg,0.0,65189,2828,2320,0.9690645933151245,0.9805968403816223,0.8547066394928697
data/chexlocalize/CheXpert/test/patient65190/study1/view1_frontal.jpg,0.0,65190,2828,2320,0.9854434728622437,0.9792311787605286,0.6630123135604371
data/chexlocalize/CheXpert/test/patient65191/study1/view1_frontal.jpg,0.0,65191,2828,2320,0.9755778908729553,0.9838042855262756,0.19535942720217497
data/chexlocalize/CheXpert/test/patient65192/study1/view1_frontal.jpg,0.0,65192,2828,2320,0.9523141980171204,0.9807679057121277,0.13977441329730295
data/chexlocalize/CheXpert/test/patient65193/study1/view1_frontal.jpg,0.0,65193,2828,2320,0.9706328511238098,0.9775683283805847,0.10475797389924468
data/chexlocalize/CheXpert/test/patient65194/study1/view1_frontal.jpg,0.0,65194,2828,2320,0.9795864820480347,0.9820054173469543,0.1100276506506599
data/chexlocalize/CheXpert/test/patient65195/study1/view1_frontal.jpg,0.0,65195,2828,2320,0.9686795473098755,0.9846078157424927,0.47793367818724164
data/chexlocalize/CheXpert/test/patient65196/study1/view1_frontal.jpg,0.0,65196,2828,2320,0.9890595078468323,0.9651753306388855,0.09372652922328557
data/chexlocalize/CheXpert/test/patient65197/study1/view1_frontal.jpg,0.0,65197,2494,2048,0.9776496291160583,0.9747210741043091,0.09704688841249381
data/chexlocalize/CheXpert/test/patient65198/study1/view1_frontal.jpg,0.0,65198,2828,2320,0.9885168671607971,0.9864159822463989,0.07851992075956764
data/chexlocalize/CheXpert/test/patient65199/study1/view1_frontal.jpg,0.0,65199,2494,2048,0.9769209623336792,0.9849435091018677,0.07376135621121026
data/chexlocalize/CheXpert/test/patient65200/study1/view1_frontal.jpg,0.0,65200,2828,2320,0.9665690660476685,0.9810940623283386,0.22805078290291128
data/chexlocalize/CheXpert/test/patient65201/study1/view1_frontal.jpg,0.0,65201,3200,2800,0.9651155471801758,0.9742856621742249,0.16272197382104767
data/chexlocalize/CheXpert/test/patient65202/study1/view1_frontal.jpg,0.0,65202,2828,2320,0.972702145576477,0.9677159190177917,0.2050804345298894
data/chexlocalize/CheXpert/test/patient65203/study1/view1_frontal.jpg,0.0,65203,2014,1942,0.9510846734046936,0.9785348773002625,0.14262830736912488
data/chexlocalize/CheXpert/test/patient65204/study1/view1_frontal.jpg,0.0,65204,2828,2320,0.9636446833610535,0.9871400594711304,0.32537757934923284
data/chexlocalize/CheXpert/test/patient65205/study1/view1_frontal.jpg,0.0,65205,2828,2320,0.9472004771232605,0.963403582572937,0.4317471812458374
data/chexlocalize/CheXpert/test/patient65206/study1/view1_frontal.jpg,0.0,65206,2494,2048,0.9772028923034668,0.9851383566856384,0.4705624789006206
data/chexlocalize/CheXpert/test/patient65207/study1/view1_frontal.jpg,0.0,65207,2828,2320,0.9682888984680176,0.9783807992935181,0.28763801084341134
data/chexlocalize/CheXpert/test/patient65208/study1/view1_frontal.jpg,0.0,65208,2828,2320,0.9601290822029114,0.9771517515182495,0.20905169183861447
data/chexlocalize/CheXpert/test/patient65209/study1/view1_frontal.jpg,0.0,65209,2828,2320,0.9820975065231323,0.979369044303894,0.47303308834719987
data/chexlocalize/CheXpert/test/patient65210/study1/view1_frontal.jpg,0.0,65210,2828,2320,0.9839974641799927,0.9821475148200989,0.34807633169764923
data/chexlocalize/CheXpert/test/patient65211/study1/view1_frontal.jpg,0.0,65211,2828,2320,0.9721593260765076,0.9795098900794983,0.36916543506696364
data/chexlocalize/CheXpert/test/patient65212/study1/view1_frontal.jpg,0.0,65212,2828,2320,0.9678673148155212,0.9783909916877747,0.6723685484214642
data/chexlocalize/CheXpert/test/patient65213/study1/view1_frontal.jpg,0.0,65213,2828,2320,0.9710490107536316,0.9835092425346375,0.30645982689263795
data/chexlocalize/CheXpert/test/patient65214/study1/view1_frontal.jpg,0.0,65214,2828,2320,0.9820275902748108,0.9740669131278992,0.016905719667177473
data/chexlocalize/CheXpert/test/patient65215/study1/view1_frontal.jpg,0.0,65215,2828,2320,0.9859179854393005,0.9803960919380188,0.15281106157337354
data/chexlocalize/CheXpert/test/patient65216/study1/view1_frontal.jpg,0.0,65216,2828,2320,0.9831734299659729,0.9763006567955017,0.4292020708295916
data/chexlocalize/CheXpert/test/patient65217/study1/view1_frontal.jpg,0.0,65217,2828,2320,0.9813833236694336,0.9875267148017883,0.3524830474665927
data/chexlocalize/CheXpert/test/patient65218/study1/view1_frontal.jpg,0.0,65218,2828,2320,0.9848498106002808,0.9779223203659058,0.20127840695788596
data/chexlocalize/CheXpert/test/patient65219/study1/view1_frontal.jpg,0.0,65219,2494,2048,0.9865363836288452,0.9831014275550842,0.7739150234370866
data/chexlocalize/CheXpert/test/patient65220/study1/view1_frontal.jpg,0.0,65220,3368,2800,0.9664080739021301,0.9793930053710938,0.3761851793959092
data/chexlocalize/CheXpert/test/patient65221/study1/view1_frontal.jpg,0.0,65221,2828,2320,0.9625076651573181,0.9847186207771301,0.323846511913373
data/chexlocalize/CheXpert/test/patient65222/study1/view1_frontal.jpg,0.0,65222,2828,2320,0.9524871706962585,0.9790687561035156,0.5419959019807278
data/chexlocalize/CheXpert/test/patient65223/study1/view1_frontal.jpg,0.0,65223,2828,2320,0.9848505258560181,0.9816215634346008,0.23111577446424772
data/chexlocalize/CheXpert/test/patient65224/study1/view1_frontal.jpg,0.0,65224,2828,2320,0.9779961705207825,0.9859450459480286,0.4401006042267243
data/chexlocalize/CheXpert/test/patient65225/study1/view1_frontal.jpg,0.0,65225,2828,2320,0.98479163646698,0.9896243214607239,0.21416307573094012
data/chexlocalize/CheXpert/test/patient65226/study1/view1_frontal.jpg,0.0,65226,2828,2320,0.9859265089035034,0.9819886088371277,0.298728091496183
data/chexlocalize/CheXpert/test/patient65227/study1/view1_frontal.jpg,0.0,65227,2828,2320,0.9643381237983704,0.9652239084243774,0.4309100974852566
data/chexlocalize/CheXpert/test/patient65228/study1/view1_frontal.jpg,0.0,65228,2828,2320,0.9640269875526428,0.9755604863166809,0.2408672625416444
data/chexlocalize/CheXpert/test/patient65229/study1/view1_frontal.jpg,0.0,65229,2828,2320,0.9875978231430054,0.9826655983924866,0.09116644757427361
data/chexlocalize/CheXpert/test/patient65230/study1/view1_frontal.jpg,0.0,65230,2828,2320,0.9749447107315063,0.9677520990371704,0.5251577466277001
data/chexlocalize/CheXpert/test/patient65231/study1/view1_frontal.jpg,0.0,65231,2828,2320,0.9831555485725403,0.982853353023529,0.16512169865596263
data/chexlocalize/CheXpert/test/patient65232/study1/view1_frontal.jpg,0.0,65232,2828,2320,0.977996826171875,0.9825354814529419,0.3230229980773756
data/chexlocalize/CheXpert/test/patient65233/study1/view1_frontal.jpg,0.0,65233,2494,2048,0.9783649444580078,0.9829584956169128,0.48201208655437205
data/chexlocalize/CheXpert/test/patient65234/study1/view1_frontal.jpg,0.0,65234,2828,2320,0.9864571690559387,0.9873274564743042,0.31027946375212984
data/chexlocalize/CheXpert/test/patient65235/study1/view1_frontal.jpg,0.0,65235,2828,2320,0.977871835231781,0.9813312888145447,0.7403177384215003
data/chexlocalize/CheXpert/test/patient65236/study1/view1_frontal.jpg,0.0,65236,2828,2320,0.9848909378051758,0.9849048256874084,0.05504151344274578
data/chexlocalize/CheXpert/test/patient65237/study1/view1_frontal.jpg,0.0,65237,2828,2320,0.9770186543464661,0.981552004814148,0.3496238311820657
data/chexlocalize/CheXpert/test/patient65238/study1/view1_frontal.jpg,0.0,65238,2828,2320,0.9716266989707947,0.9797987937927246,0.24982824636360051
data/chexlocalize/CheXpert/test/patient65239/study1/view1_frontal.jpg,0.0,65239,2828,2320,0.9724246263504028,0.9834484457969666,0.19069833871751718
data/chexlocalize/CheXpert/test/patient65240/study1/view1_frontal.jpg,0.0,65240,2828,2320,0.9608184099197388,0.9851351976394653,0.20965923049189666
